issuer,class,cusip,value,shares
10X GENOMICS INC,CL A COM,88025U109,30750175,802039
111 INC,SPONSORED ADS,68247Q201,56047,12914
17 ED & TECHNOLOGY GROUP INC,SPONSORED ADR,81807M304,45166,20530
1STDIBS COM INC,COM,320551104,1223040,249600
1ST FINL BANCORP,COM,320209109,6008276,177602
1ST SOURCE CORP,COM,336901103,7049736,86415
3D SYS CORP DEL,COM NEW,88554D205,4929649,1632334
4D MOLECULAR THERAPEUTICS IN,COM,35104E100,8173821,614573
51TALK ONLINE EDUCATION GROU,SPONSORED ADR,16954L204,664716,41675
5E ADVANCED MATERIALS INC,COM NEW,33830Q208,278278,200200
8X8 INC NEW,COM,282914100,780829,456625
908 DEVICES INC,COM,65443P102,1669530,191900
A10 NETWORKS INC,COM,002121101,56797922,1520287
ABBOTT LABORATORIES,COM,002824100,62280851,686366
ABCELLERA BIOLOGICS INC,COM,00288U106,7778793,990929
ABERCROMBIE & FITCH CO,CL A,002896207,59793643,664300
ABRDN PALLADIUM ETF TRUST,PHYSICAL PALLADM,003262102,398610,18053
ABRDN PLATINUM ETF TRUST,PHYSCL PLATM SHS,003260106,284013,20100
ABRDN SILVER ETF TRUST,PHYSCL SILVR SHS,003264108,708372,12600
ACACIA RESH CORP,ACACIA TCH COM,003881307,6594310,1415088
ACADEMY SPORTS & OUTDOORS IN,COM,00402L107,12752860,270589
ACADIAN ASSET MANAGEMENT INC,COM,10948W103,2263680,31651
ACADIA PHARMACEUTICALS INC,COM,004225108,32449679,1282596
ACCEL ENTERTAINMENT INC,COM CL A1,00436Q106,8979644,712105
ACCELERANT HOLDINGS,CL A,G00894108,3470292,296100
ACCENDRA HEALTH INC,COM,690732102,1109492,324413
ACCENTURE PLC IRELAND,SHS CLASS A,G1151C101,51832744,416528
ACCESS NEWSWIRE INC,COM NEW,46520M204,190047,29238
ACCO BRANDS CORP,COM,00081T108,3985010,957935
ACCURAY INC DEL,COM,004397105,532430,2065284
ACHIEVE LIFE SCIENCE INC,COM,004468500,1162660,178049
AC IMMUNE SA,SHS,H00263105,1999502,840127
ACI WORLDWIDE INC,COM,004498101,8948251,177933
ACLARIS THERAPEUTICS INC,COM,00461U105,4324739,817531
ACME UTD CORP,COM,004816104,5230446,109607
ACM RESH INC,COM CL A,00108J109,29159322,229800
ACNB CORP,COM,000868109,1446259,24356
ACRIVON THERAPEUTICS INC,COMMON STOCK,004890109,1350776,758863
ACTINIUM PHARMACEUTICALS INC,COM,00507W206,372881,380491
ACUMEN PHARMACEUTICALS INC,COM,00509G209,1802317,675025
ADAGENE INC,ADS,005329107,615300,146500
ADAPTHEALTH CORP,COMMON STOCK,00653Q102,7964444,764342
ADAPTIVE BIOTECHNOLOGIES COR,COM,00650F109,6495060,302800
ADDUS HOMECARE CORP,COM,006739106,562632,5600
ADEIA INC,COM,00676P107,12175637,369743
ADICET BIO INC,COM NEW,007002207,2297765,265945
ADLAI NORTYE LTD,SPONSORED ADS,00704R109,1082150,94100
ADMA BIOLOGICS INC,COM,000899104,5461676,652530
ADOBE INC,COM,00724F101,52271675,254958
ADT INC DEL,COM,00090Q103,4418089,679706
ADTRAN HOLDINGS INC,COM,00486H105,24654986,1773740
ADVANCED ENERGY INDS,COM,007973100,36750813,98562
ADVANCED FLOWER CAP INC,COM,00109K105,208010,67100
ADVANCED MICRO DEVICES INC,COM,007903107,463818193,829697
ADVANTAGE SOLUTIONS INC,COM NEW CL A,00791N201,1752560,40531
ADVISORSHARES TR,PURE US CANN ETF,00768Y453,849376,167200
AEBI SCHMIDT HLDG AG,COM,H00501108,266060,21200
AECOM,COM,00766T100,52132015,746877
AEHR TEST SYS,COM,00760J108,12920070,134500
AEROVIRONMENT INC,COM,008073108,12379590,74996
AEYE INC,CL A NEW,008183204,1009030,700715
AFFILIATED MANAGERS GROUP,COM,008252108,39741696,117440
AFFINITY BANCSHARES INC,COM,00832E103,1684785,74548
AFFIRM HLDGS INC,COM CL A,00827B106,6099940,74800
AFLAC INC,COM,001055102,69564425,593300
AFYA LTD,CL A COM,G01125106,5094572,343300
AGCO CORP,COM,001084102,23784390,198700
AGENUS INC,COM NEW,00847G804,698739,228346
AGI INC,COM SHS CL A,G0118C105,596971,84318
AGILON HEALTH INC,COM NEW,00857U206,16314297,152214
AGNICO EAGLE MINES LTD,COM,008474108,77028405,496541
AGNT INC,COM,30212W100,14347948,2652116
AGORA INC,ADS,00851L103,2950605,739500
AH RLTY TR INC,COM,04208T108,514589,72682
AIRBNB INC,COM CL A,009066101,220751927,1542641
AIRGAIN INC,COM,00938A104,2595827,412036
AIRJOULE TECHNOLOGIES CORP,CL A,612160101,903020,163000
AIRO GROUP HLDGS INC,COM,009422106,1486062,201091
AIR PRODUCTS AND CHEMICALS I,COM,009158106,12858875,43860
AIR T INC,COM,009207101,2740392,103411
A K A BRANDS HLDG CORP,COM SHS,00152K200,181738,16969
AKEBIA THREAPEUTICS INC,COM,00972D105,1395318,1223963
AKSO HEALTH GROUP,ADS,98422P108,105705,70943
AKTIS ONCOLOGY INC,COM,01021M104,3074742,95400
ALAMO GROUP INC,COM,011311107,5790048,35200
ALAMOS GOLD INC,COM CL A,011532108,144806964,4772807
ALARUM TECHNOLOGIES LTD,SPONSORD ADS NEW,78643B500,432592,53805
ALBANY INTL CORP,CL A,012348108,6049400,81200
ALBEMARLE CORP,COM,012653101,61593259,456145
ALCOA CORP,COM,013872106,29495389,565696
ALDEYRA THERAPEUTICS INC,COM,01438T106,1878660,882000
ALECTOR INC,COM,014442107,1879684,935166
ALERUS FINL CORP,COM,01446U103,1313695,42241
ALEXANDERS INC,COM,014752109,5682047,20620
ALGONQUIN POWER & UTILITIES,COM,015857105,6394754,1091255
ALIGHT INC,COM CL A,01626W101,7998931,14283805
ALIGNMENT HEALTHCARE INC,COM,01625V104,23771904,998400
ALIGOS THERAPEUTICS INC,COM NEW,01626L204,62316,10800
ALKERMES PLC,SHS,G01767105,338520325,6460928
ALLARITY THERAPEUTICS INC,COM,016744500,427647,331509
ALLEGIANT TRAVEL CO,COM,01748X102,28237054,240111
ALLEGION PLC,ORD SHS,G0176J109,11647464,82906
ALLIANCE LAUNDRY HLDGS INC,COM,01862Q107,1768884,66700
ALLIANT ENERGY CORP,COM,018802108,36428475,477500
ALLIENT INC,COM,019330109,4917892,47779
ALL IN FUTURETECH ALLIANCE I,COM,019170208,61220,27453
ALLISON TRANSMISSION HLDGS I,COM,01973R101,218602522,1938997
ALLOGENE THERAPEUTICS INC,COM,019770106,7975369,3834312
ALLOT LTD,SHS,M0854Q105,9632331,1088399
ALLY FINL INC,COM,02005N100,6796005,147900
ALPHABET INC,CAP STK CL A,02079K305,828174623,2317438
ALPHABET INC,CAP STK CL C,02079K107,556782741,1575815
ALPHA METALLURGICAL RESOUR I,COM,020764106,90834932,550715
ALPHA PRO TECH LTD,COM,020772109,3156035,561572
ALPHATEC HLDGS INC,COM NEW,02081G201,2460925,284500
ALPINE INCOME PPTY TR INC,COM,02083X103,3612240,174000
ALSET INC,COM NEW,02115D208,148847,103366
ALTA EQUIPMENT GROUP INC,COMMON STOCK,02128L106,80875,12500
ALTIMMUNE INC,COM NEW,02155H200,217664,71600
ALTISOURCE PORTFOLIO SOLUTIO,SHS NEW,L0175J138,402360,53648
ALTISOURCE PORTFOLIO SOLUTIO,*W EXP 04/02/202,L0175J120,74369,265603
ALTISOURCE PORTFOLIO SOLUTIO,*W EXP 04/30/203,L0175J112,96489,241222
ALTO INGREDIENTS INC,COM,021513106,8655570,1518521
ALTO NEUROSCIENCE INC,COM SHS,02157Q109,1884220,71399
ALTRIA GROUP INC,COM,02209S103,128171730,1781400
ALUMIS INC,COM,022307102,656647,23335
ALX ONCOLOGY HLDGS INC,COM,00166B105,1249860,603797
AMARIN CORP PLC,SPONSORED ADR,023111404,771002,48369
AMAZON COM INC,COM,023135106,545974975,2290710
AMBARELLA INC,SHS,G037AX101,9463740,110300
AMBEV SA,SPONSORED ADR,02319V103,78217400,24910000
AMBIQ MICRO INC,COMMON STOCK,023193105,18962955,214756
AMC ENTMT HLDGS INC,CL A NEW,00165C302,17621784,9274623
AMC GLOBAL MEDIA INC,CL A,00164V103,275448,27600
AMCON DISTRG CO,COM NEW,02341Q205,1019133,14001
AMDOCS LTD,SHS,G02602103,9031498,178700
AMEREN CORP,COM,023608102,49534128,438200
AMERICA MOVIL SAB DE CV,SPON ADS RP CL B,02390A101,21317726,820228
AMERICAN ASSETS TR INC,COM,024013104,1634478,66200
AMERICAN BITCOIN CORP.,COM CL A,02462A104,2085188,3061500
AMERICAN CENTY ETF TR,INTL EQT ETF,025072703,793880,8900
AMERICAN CENTY ETF TR,INTL SMCP VLU,025072802,733304,7116
AMERICAN CENTY ETF TR,US EQT ETF,025072885,601976,4700
AMERICAN CENTY ETF TR,US LARGE CAP VLU,025072349,592865,6500
AMERICAN CENTY ETF TR,US SML CP VALU,025072877,5950054,47692
AMERICAN COASTAL INS CORP,COM,910710102,6020185,542359
AMERICAN EXPRESS CO,COM,025816109,11696685,34580
AMERICAN FINANCIAL GROUP INC,COM,025932104,14581748,104200
AMERICAN HOMES 4 RENT,CL A,02665T306,18540884,553129
AMERICAN INTEGRITY INS GROUP,COM,026948109,2254045,119705
AMERICAN OUTDOOR BRANDS INC,COM,02875D109,2276010,193868
AMERICAN PUB ED INC,COM,02913V103,48900294,910620
AMERICAN RLTY INVS INC,COM,029174109,327347,14699
AMERICAN SHARED HOSPITAL SVC,COM,029595105,91158,57695
AMERICAN VANGUARD CORP,COM,030371108,994776,355277
AMERICAN WELL CORP,COM CL A NEW,03044L204,2400594,263223
AMERICAS GOLD AND SILVER COR,COM NEW,03062D803,8602672,1822600
AMERICOLD REALTY TRUST INC,COM,03064D108,14457684,919700
AMERIPRISE FINL INC,COM,03076C106,66850507,145720
AMERISAFE INC,COM,03071H100,7286982,215400
AMERIS BANCORP,COM,03076K108,2208572,24469
AMERISERV FINL INC,COM,03074A102,2078803,535774
AMER SPORTS INC,COM SHS,G0260P102,22875840,676000
AMER STATES WTR CO,COM,029899101,1214661,14700
AMESITE INC,COM NEW,031094204,13433,10100
AMES NATL CORP,COM,031001100,1841268,62184
AMETEK INC,COM,031100100,44020983,181950
AMKOR TECHNOLOGY INC,COM,031652100,50065138,580600
AMNEAL PHARMACEUTICALS INC,COM STK CL A,03168L105,1514400,87487
AMN HEALTHCARE SVCS INC,COM,001744101,35494385,1096521
AMPCO-PITTSBURG CORP,COM,032037103,3584724,414419
AMPHASTAR PHARMACEUTICALS IN,COM,03209R103,10596518,525100
AMPHENOL CORP,CL A,032095101,26800640,152000
AMPLIFY ENERGY CORP NEW,COM,03212B103,259408,65178
AMPLIFY ETF TR,BLOCK TECHN ETF,032108607,428201,6837
AMPLIFY ETF TR,CWP ENHANCED DIV,032108409,485654,10627
AMPLIFY ETF TR,JR SILV MINE ETF,032108649,5224306,201555
AMPRIUS TECHNOLOGIES INC,COMMON STOCK,03214Q108,19527701,1408925
AMREP CORP,COM,032159105,2920476,115800
AMRIZE LTD,SHS,H2927K103,57830500,1085000
AMTD DIGITAL INC,SPONSORED ADS,00180N101,168791,106158
AMTD IDEA GROUP,SPON ADS,00180G304,16175,16765
AMTECH SYS INC,COM PAR $0.01N,032332504,6014763,260605
AN2 THERAPEUTICS INC,COM,037326105,627748,129700
ANAPTYSBIO INC,COM,032724106,3935250,58300
ANDERSEN GROUP INC,CL A,033853102,4401924,116700
ANDERSONS INC,COM,034164103,4056120,59300
ANGEL OAK MORTGAGE REIT INC,COM,03464Y108,870436,95863
ANGEL STUDIOS INC.,CL A COM,034948109,5039747,1373228
ANGIODYNAMICS INC,COM,03475V101,9547818,733883
ANGLOGOLD ASHANTI PLC,COM SHS,G0378L100,46478423,574588
ANHEUSER BUSCH INBEV SA NV,SPONSORED ADR,03524A108,29719538,360674
ANIKA THERAPEUTICS INC,COM,035255108,7043131,481417
ANI PHARMACEUTICALS INC,COM,00182C103,5273086,63700
ANIXA BIOSCIENCES INC,COM,03528H109,166244,59373
ANNEXON INC,COM,03589W102,2620890,459000
ANNOVIS BIO INC,COM,03615A108,1864092,1002200
ANTERIS TECHNOLOGIES GLOBAL,COM,03675P102,3472125,352500
ANTERO RESOURCES CORP,COM,03674X106,17745700,505000
APA CORPORATION,COM,03743Q108,18032608,553657
APOGEE ENTERPRISES INC,COM,037598109,2331962,50983
APOGEE THERAPEUTICS INC,COM,03770N101,19484764,146800
APOLLO GLOBAL MGMT INC,COM,03769M106,2506516,21186
APPFOLIO INC,COM CL A,03783C100,29799444,185840
APPLE INC,COM,037833100,459058610,1586526
APPLIED INDL TECHNOLOGIES IN,COM,03820C105,24383997,72110
APREA THERAPEUTICS INC,COM NEW,03836J201,84883,105800
APTARGROUP INC,COM,038336103,21334080,170400
APTERA MOTORS CORP,COM CL B,03835W104,538755,219900
APTIV PLC,COM SHS,G3265R107,6622902,107900
APYX MEDICAL CORPORATION,COM,03837C106,2488708,554278
AQUABOUNTY TECHNOLOGIES INC,COM,03842K309,147834,138163
AQUESTIVE THERAPEUTICS INC,COM,03843E104,1731592,416248
ARAMARK,COM,03852U106,56285480,989200
ARCBEST CORP,COM,03937C105,9148522,63735
ARCHER AVIATION INC,COM CL A,03945R102,19679099,4160486
ARCHROCK INC,COM,03957W106,20026389,491928
ARCTURUS THERAPEUTICS HLDGS,COM,03969T109,143808,21400
ARCUTIS BIOTHERAPEUTICS INC,COM,03969K108,1531222,58399
ARDAGH METAL PACKAGING S A,SHS,L02235106,9843710,2076732
ARDELYX INC,COM,039697107,4552224,892593
ARDMORE SHIPPING CORP,COM,Y0207T100,22141754,1580425
ARGAN INC,COM,04010E109,517763050,648379
ARHAUS INC,COM CL A,04035M102,1813668,215400
ARK 21SHARES BITCOIN ETF,SHS BEN INT,040919102,935150,48055
ARK ETF TR,AUTNMUS TECHNLGY,00214Q203,859430,6500
ARK ETF TR,GENOMIC REV ETF,00214Q302,811758,19300
ARK ETF TR,SPACE & DEFENSE,00214Q807,1231732,36100
ARKO CORP,COM,041242108,1181213,147100
ARKO PETE CORP,CL A COM,04124A100,3289325,174500
ARK RESTAURANTS CORP,COM,040712101,140704,24011
ARLO TECHNOLOGIES INC,COM,04206A101,27631965,2049849
ARMATA PHARMACEUTICALS INC,COM,04216R102,313101,48318
ARMSTRONG WORLD INDS INC NEW,COM,04247X102,16266588,101400
ARQ INC,COM,00770C101,1525050,598059
ARROW ELECTRS INC,COM,042735100,14746631,69100
ARROW FINL CORP,COM,042744102,7653694,186721
ARROWHEAD PHARMACEUTICALS IN,COM,04280A100,38221751,468921
ARTERIS INC,COM,04302A104,14765335,303876
ARTESIAN RES CORP,CL A,043113208,10236292,301156
ARTISAN PARTNERS ASSET MGMT,CL A,04316A108,11248078,325748
ARTIVA BIOTHERAPEUTICS INC,COM,04317A107,1464700,151000
ARTIVION INC,COM,228903100,1524073,67827
ARTS WAY MFG INC,COM,043168103,352615,134074
ARVINAS INC,COM,04335A105,1789517,215345
ASANA INC,CL A,04342Y104,11826773,1689539
ASBURY AUTOMOTIVE GROUP INC,COM,043436104,10697456,53200
ASCENDIS PHARMA A/S,ORD SHS,K08588103,31926117,119699
ASCENT INDUSTRIES CO,COM,871565107,4196406,279202
ASHFORD HOSPITALITY TR INC,COM NEW,044103794,177562,54803
ASIA PACIFIC WIRE & CABLE CO,ORD,G0535E106,104796,63900
ASML HLDG NV,N Y REGISTRY SHS,N07059210,406528,203
ASPEN AEROGELS INC,COM,04523Y105,1739645,274392
ASSEMBLY BIOSCIENCES INC,COM NEW,045396207,1083839,39441
ASSOCIATED BANC-CORP,COM,045487105,7899613,256731
ASSURED GUARANTY LTD,COM,G0585R106,352704,4400
ASTERA LABS INC,COM,04626A103,74095268,153400
ASTRANA HEALTH INC,COM NEW,03763A207,3464321,74646
ASTRONICS CORP,COM,046433108,13994597,172220
ASTRONOVA INC,COM,04638F108,5051717,177440
AST SPACEMOBILE INC,COM CL A,00217D100,17114436,192600
ATA CREATIVITY GLOBAL,SPONSORED ADS,00211V106,60197,58444
ATEA PHARMACEUTICALS INC,COM,04683R106,5260080,1131200
ATEGRITY SPECIALTY IN CO HO,COM,04681Y103,1182768,49200
ATERIAN INC,COM NEW,02156U200,294400,223030
ATLANTA BRAVES HLDGS INC,COM SER A,047726104,19578987,347700
ATLANTA BRAVES HLDGS INC,COM SER C,047726302,25785425,496829
ATLANTIC AMERN CORP,COM,048209100,86506,51800
ATLANTIC UN BANKSHARES CORP,COM,04911A107,7747046,183102
ATLANTICUS HOLDINGS CORP,COM,04914Y102,9423156,92158
ATLAS ENERGY SOLUTIONS INC,COM NEW,642045108,16462171,991100
ATLASSIAN CORPORATION,CL A,049468101,25677157,330083
ATMOS ENERGY CORP,COM,049560105,77159733,447900
ATN INTL INC,COM,00215F107,8501489,320932
ATOSSA THERAPEUTICS INC,COM,04962H704,254843,132043
ATOUR LIFESTYLE HLDGS LTD,SPONSORED ADS,04965M106,59880163,1883024
ATRENEW INC,SPONSORED ADS,00138L108,130233,33652
ATRICURE INC,COM,04963C209,6550118,234100
ATRIUM THERAPEUTICS INC,COM,04965N104,201360,14971
AT&T INC,COM,00206R102,24648442,1190746
ATYR PHARMA INC,COM NEW,002120202,98604,165222
AUBURN NATL BANCORP,COM,050473107,440995,16309
AUDIOEYE INC,COM NEW,050734201,960759,165363
AUNA S A,CLASS A,L0415A103,2904093,566100
AURA BIOSCIENCES INC,COM,05153U107,1236820,174200
AURA MINERALS INC,SHS NEW,G06973112,1348113,21729
AUREUS GREENWAY HLDGS INC,COM,05156D102,624036,156400
AURINIA PHARMACEUTICALS INC,COM,05156V102,26270154,1548035
AURORA CANNABIS INC,COM,05156X850,2190024,784955
AURORA INNOVATION INC,CLASS A COM,051774107,33398222,4897100
AUTODESK INC,COM,052769106,92907097,477868
AUTOLIV INC,COM,052800109,45120428,388400
AUTOLUS THERAPEUTICS LTD,SPON ADS,05280R100,3175520,1984700
AUTOMATIC DATA PROCESSING IN,COM,053015103,23953692,106960
AUTONATION INC,COM,05329W102,2471007,13300
AUTOZONE INC,COM,053332102,269289904,84260
AVALONBAY CMNTYS INC,COM,053484101,29476020,156214
AVALON HLDGS CORP,CL A,05343P109,176317,70810
AVALO THERAPEUTICS INC,COM NEW,05338F306,6601056,357200
AVANOS MED INC,COM,05350V106,6371768,256100
AVEANNA HEALTHCARE HLDGS INC,COM,05356F105,6994114,816116
AVEPOINT INC,COM CL A,053604104,18173125,1621153
AVERY DENNISON CORP,COM,053611109,13166585,81100
AVIAT NETWORKS INC,COM NEW,05366Y201,763236,34380
AVIDIA BANCORP INC,COMMON STOCK,05369T100,2451884,116812
AVINO SILVER & GOLD MINES LT,COM,053906103,14873006,2345900
AVIS BUDGET GROUP INC,COM,053774105,31185921,210958
AVISTA CORP,COM,05379B107,10910697,266700
AVNET INC,COM,053807103,18128162,204100
AWARE INC MASS,COM,05453N100,885346,655812
AXIS CAP HLDGS LTD,SHS,G0692U109,17566440,163500
AXSOME THERAPEUTICS INC.,COM,05464T104,64129740,262000
AXT INC,COM,00246W103,6076344,84300
AYTU BIOPHARMA INC,COM,054754858,225369,104823
B2GOLD CORP,COM,11777Q209,23678598,6331176
BABCOCK & WILCOX ENTERPRISES,COM,05614L209,346860,24600
BACKBLAZE INC,COM CL A,05637B105,12094963,762608
BAIRD MED INVT HLDGS LTD,SHS,G0705H103,63677,55371
BAKER HUGHES COMPANY,CL A,05722G100,90583770,1632140
BAKKT INC,COM CL A NEW,05759B305,2415516,309285
BALCHEM CORP,COM,057665200,32658035,193300
BALLARD PWR SYS INC NEW,COM,058586108,16898926,4344197
BALL CORP,COM,058498106,4492800,72000
BANCFIRST CORP,COM,05945F103,743237,6688
BANCO BRADESCO S A,SP ADR PFD NEW,059460303,22944563,6612266
BANCO BRADESCO S A,SPONSORED ADR,059460402,124887,41629
BANCO DE CHILE,SPONSORED ADS,059520106,35538760,893832
BANCORP INC DEL,COM,05969A105,4588317,73249
BANCO SANTANDER CHILE NEW,SP ADR REP COM,05965X109,7902904,239991
BANDWIDTH INC,COM CL A,05988J103,40765200,644000
BANK7 CORP,COM,06652N107,768515,15700
BANK FIRST CORP,COM,06211J100,2981835,20100
BANK HAWAII CORP,COM,062540109,11041895,135500
BANK MONTREAL MEDIUM,CAL LKD 45,063679385,786726,30600
BANK MONTREAL MEDIUM,MICROSCTR 3X LEV,063679542,8083596,94800
BANK MONTREAL MEDIUM,MICROSECTORS FA,06368M203,682258,18360
BANK NOVA SCOTIA B C,COM,064149107,18488236,212900
BANK OF MARIN BANCORP,COM,063425102,3666954,132381
BANK OF N T BUTTERFIELD & SO,SHS NEW,G0772R208,6872250,115500
BANK OF THE JAMES FINL GP IN,COM,470299108,770117,30177
BANK OZK LITTLE ROCK ARK,COM,06417N103,40729015,781897
BANKWELL FINL GROUP INC,COM,06654A103,5507695,93748
BAOZUN INC,SPONSORED ADR,06684L103,547650,193516
BARCLAYS BANK PLC,IPATH S&P 500 SH,06748M196,3907787,176903
BARCLAYS PLC,ADR,06738E204,5505924,204986
BAR HBR BANKSHARES,COM,066849100,6966116,184484
BARINTHUS BIOTHERAPEUTICS PL,ADS,91864C107,16500,25000
BARNWELL INDS INC,COM,068221100,277066,274323
BARRETT BUSINESS SVCS INC,COM,068463108,18876784,531441
BARRICK MNG CORP,COM SHS,06849F108,106790014,2907433
BASSETT FURNITURE INDS INC,COM,070203104,5112982,288543
BATH & BODY WORKS INC,COM,070830104,92516137,3999833
BAUSCH HEALTH COS INC,COM,071734107,6530027,1324549
BAYCOM CORP,COM,07272M107,1325870,40300
BAYFIRST FINANCIAL CORP,COM,07279B104,78000,15600
BAYTEX ENERGY CORP,COM,07317Q105,29127600,7281900
BCB BANCORP INC,COM,055298103,5151968,480594
BEACON FINANCIAL CORP.,COM,084680107,13146483,431740
BEAM GLOBAL,COM,07373B109,72410,55700
BEAMR IMAGING LTD,ORDINARY SHS,M1R79L104,62720,44800
BEAM THERAPEUTICS INC,COM,07373V105,15272400,445000
BEASLEY BROADCAST GROUP INC,CL A NEW,074014200,401336,15289
BED BATH & BEYOND INC,COM,690370101,4744830,819487
BEELINE HOLDINGS INC,COM NEW,277802500,159448,130695
BELDEN INC,COM,077454106,21350575,178055
BEL FUSE INC,CL A,077347201,19091000,65553
BEL FUSE INC,CL B,077347300,69186063,207741
BELITE BIO INC,SPONSORED ADS,07782B104,8586666,55763
BENCHMARK ELECTRS INC,COM,08160H101,2888367,29273
BENTLEY SYS INC,COM CL B,08265T208,2116212,70800
BEONE MEDICINES LTD,SPONSORED ADS,07725L102,29061241,101980
BERKSHIRE HATHAWAY INC DEL,CL B NEW,084670702,892454,1791
BEST BUY INC,COM,086516101,92695008,1221600
BETA BIONICS INC,COM,08659B102,177071,11300
BETA TECHNOLOGIES INC,COM SHS CL A,086921103,999975,59700
BETTERWARE DE MEXC S A P I D,SHS,P1666E105,462343,25700
BEYONDSPRING INC,SHS,G10830100,19075,10900
BGC GROUP INC,CL A,088929104,4132198,386548
B & G FOODS INC,COM,05508R106,308052,77400
BGSF INC,COM,05601C105,66807,11700
BICYCLE THERAPEUTICS PLC,SPONSORED ADS,088786108,6501616,1533400
BIGLARI HLDGS INC,COM STK CL A,08986R408,12764884,6065
BIGLARI HLDGS INC,COM STK CL B,08986R309,12195961,28627
BILIBILI INC,SPONS ADS REP Z,090040106,11076908,650435
BILL HOLDINGS INC,COM,090043100,755744,20900
BILLIONTOONE INC,CL A,090168105,11590068,96600
BINGEX LTD,SPONSORED ADS A,090337106,87341,41005
BIOAGE LABS INC,COM,09077V100,4061307,165700
BIOCRYST PHARMACEUTICALS INC,COM,09058V103,25302900,2530290
BIODESIX INC,COM,09075X207,646012,28648
BIOFRONTERA INC,COM NEW,09077D209,148921,157505
BIOGEN INC,COM,09062X103,16797369,77744
BIOHAVEN LTD,COM,G1110E107,2243190,150752
BIOLINE RX LIMITED,SPONSORED ADR,09071M304,48085,15412
BIOMARIN PHARMACEUTICAL INC,COM,09061G101,25856059,451871
BIOMEA FUSION INC,COM,09077A106,2139547,1455474
BIONANO GENOMICS INC,COM,09075F404,57743,51100
BIOTE CORP,CLASS A COM,090683103,434689,229994
BIOVENTUS INC,COM CL A,09075A108,6947840,736000
BIOVIE INC,COM CL A NEW,09074F504,248161,127918
BITDEER TECHNOLOGIES GROUP,CL A ORD SHS,G11448100,1795738,113153
BIT DIGITAL INC,SHS,G1144A105,7041773,3912096
BITFUFU INC,CL A ORD SHS,G1152A104,120132,85200
BITGO HOLDINGS INC,COM SHS CL A,091947101,3210227,619735
BITWISE BITCOIN ETF TR,SHS BEN INT,09174C104,1656401,51990
BK TECHNOLOGIES CORPORATION,COM NEW,05587G203,11329499,131769
BLACKBAUD INC,COM,09227Q100,414591,13997
BLACKBERRY LTD,COM,09228F103,103657174,8194243
BLACK DIAMOND THERAPEUTICS I,COM,09203E105,3630429,1962394
BLACK HILLS CORP,COM,092113109,18436320,247800
BLACK ROCK COFFEE BAR INC,CL A,092244102,3055860,368620
BLACKROCK ETF TRUST II,ISHA FLEX IN ETF,092528603,15754340,301000
BLACKROCK ETF TRUST,ISHARES US EQUIT,09290C103,2346345,34500
BLACKROCK ETF TRUST,ISHA US THEM ETF,09290C806,1366932,31708
BLACKROCK INC,COM,09290D101,114158015,118722
BLACKSKY TECHNOLOGY INC,CL A NEW,09263B207,5404782,193581
BLACKSTONE INC,COM,09260D107,184777201,1570300
BLINK CHARGING CO,COM,09354A100,382334,597584
BLOOM ENERGY CORP,COM CL A,093712107,204534390,675700
BLOOMIN BRANDS INC,COM,094235108,14526202,1589300
BLUE BIRD CORP,COM,095306106,16308083,206536
BLUE GOLD LTD,COM CL A,G1331C104,10393,37330
BLUELINX HLDGS INC,COM NEW,09624H208,2072980,33500
BLUE OWL CAPITAL INC,COM CL A,09581B103,37828875,4323300
BLUE RIDGE BANKSHARES INC VA,COM,095825105,1647285,466653
BLUEROCK HOMES TRUST INC,COM CL A,09631H100,130500,14500
BOBS DISC FURNITURE INC,COM SHS,09681N106,2074935,131159
BOEING CO,COM,097023105,30908452,142784
BOGOTA FINL CORP,COM,097235105,549485,60851
BOISE CASCADE CO DEL,COM,09739D100,20459309,263549
BOK FINL CORP,COM NEW,05561Q201,11121094,80077
BOLT BIOTHERAPEUTICS INC,COM NEW,097702203,379706,98625
BOOZ ALLEN HAMILTON HLDG COR,CL A,099502106,1619525,26694
BOS BETTER ONLINE SOLUTIONS,SHS NEW NIS 80,M20115180,928025,206687
BOSTON BEER INC,CL A,100557107,18088748,102179
BOSTON OMAHA CORP,CL A COM STK,101044105,169136,12400
BOSTON SCIENTIFIC CORP,COM,101137107,102944373,2412005
BOUNDLESS BIO INC,COM,10170A100,1178925,471570
BOWHEAD SPECIALTY HLDGS INC,COM SHS,10240L102,1439633,48100
BOWMAN CONSULTING GROUP LTD,COM,103002101,2917781,99924
BOYD GAMING CORP,COM,103304101,14865939,168300
BP PLC,SPONSORED ADR,055622104,187475691,5073767
BRADY CORP,CL A,104674106,83790213,915040
BRAEMAR HOTELS & RESORTS INC,COM,10482B101,1526040,706500
BRAGG GAMING GROUP INC,COM NEW,104833306,87376,50800
BRAINSWAY LTD,SPONSORED ADS,10501L106,7381519,475920
BRANCHOUT FOOD INC,COM,105230106,512440,111400
BRANDYWINE RLTY TR,SH BEN INT NEW,105368203,454578,143400
BRASILAGRO COMPANHIA BRASILE,SPONSORED ADR,10554B104,619395,173500
BRAZIL POTASH CORP,COMMON SHARES,10586A108,553195,257300
BRC GROUP HOLDINGS INC,COM,05580M108,1965780,244500
BRC INC,COM CL A,05601U105,444041,400037
BRIDGEBIO ONCOLOGY THERAPEUT,COM NEW,107924102,446532,58600
BRIDGEBIO PHARMA INC,COM,10806X102,63817890,856846
BRIDGELINE DIGITAL INC,COM,10807Q700,181806,156729
BRIDGEWATER BANCSHARES INC,COM,108621103,8120325,385947
BRIGHTSPIRE CAPITAL INC,COM CL A,10949T109,1148315,210700
BRIGHTSPRING HEALTH SVCS INC,COM,10950A106,53058262,760801
BRILLIANT EARTH GROUP INC,CL A COM,109504100,210858,186600
BRINKER INTL INC,COM,109641100,153428520,913265
BRINKS CO,COM,109696104,8875635,93932
BRITISH AMERN TOB PLC,SPONSORED ADR,110448107,679298,10999
BRIXMOR PPTY GROUP INC,COM,11120U105,11051265,350500
BROADCOM INC,COM,11135F101,321024286,849835
BROADSTONE NET LEASE INC,COM,11135E203,12114687,586100
BROADWAY FINL CORP DEL,CL A NEW,111444709,139780,14470
BROADWIND INC,COM NEW,11161T207,720568,149186
BROOKDALE SR LIVING INC,COM,112463104,95791236,5953464
BROOKFIELD RENEWABLE CORP,CL A   EX SUB VTG,11285B108,33597126,905095
BROOKFIELD WEALTH SOL LTD,CL A EXCHANGEAB,G17434104,460728,10800
BROWN & BROWN INC,COM,115236101,58004430,904200
BROWN FORMAN CORP,CL A,115637100,1588959,58076
BRP INC,COM SUN VTG,05577W200,564679,9254
BRT APARTMENTS CORP,COM,055645303,4789154,311591
BTCS INC,COM NEW,05581M404,1174968,1058530
BUCKLE INC,COM,118440106,48101754,1139852
BULLISH,ORD SHS,G16910120,6205037,264833
BUMBLE INC,COM CL A,12047B105,11944000,3732500
BURFORD CAPITAL LIMITED,ORD SHS,G17977110,4763790,1161900
BURKE HERBERT FINL SVCS CORP,COM,12135Y108,1506545,20965
BURNING ROCK BIOTECH LTD,SPONSORED ADS,12233L206,442254,52838
BUTTERFLY NETWORK INC,COM CL A,124155102,789981,93822
BUZZFEED INC,CL A NEW,12430A300,580062,397303
BYLINE BANCORP INC,COM,124411109,3035396,80600
BYRNA TECHNOLOGIES INC,COM NEW,12448X201,2884273,429847
C3 AI INC,CL A,12468P104,403596,44400
C4 THERAPEUTICS INC,COM STK,12529R107,5556497,1189828
CABALETTA BIO INC,COM,12674W109,4774783,1535300
CABLE ONE INC,COM,12685J105,3175978,59800
CACI INTL INC,CL A,127190304,907063,1958
CACTUS INC,CL A,127203107,6813590,133000
CADELER A S,SPON ADR,12738K109,1281735,58500
CADRE HLDGS INC,COM,12763L105,5392495,189144
CAE INC,COM,124765108,2929088,116883
CAESARSTONE LTD,ORD SHS,M20598104,869446,414022
CALCIMEDICA INC,COM NEW,38942Q202,100219,97300
CALERES INC,COM,129500104,976611,78950
CALIFORNIA RES CORP,COM STOCK,13057Q305,8346534,157869
CALIFORNIA WTR SVC GROUP,COM,130788102,7015330,144200
CALIX INC,COM,13100M509,20455764,548118
CALLAWAY GOLF CO,COM,131193104,25157931,1338900
CAL MAINE FOODS INC,COM NEW,128030202,126420230,1569268
CALUMET INC,COM,131428104,11587634,321700
CAMDEN NATL CORP,COM,133034108,11584049,213649
CAMDEN PPTY TR,SH BEN INT,133131102,45921939,401100
CAMECO CORP,COM,13321L108,66229372,650200
CANAAN INC,SPONSORED ADS,134748102,428893,1493879
CANADA GOOSE HLDGS INC,SHS SUB VTG,135086106,1550567,163046
CANADIAN IMPERIAL BANK OF CO,COM,136069101,10077220,87628
CANADIAN NATL RY CO,COM,136375102,5496964,46100
CANADIAN NAT RES LTD MED TER,COM,136385101,112950250,2859500
CANADIAN SOLAR INC,COM,136635109,8521070,531902
CANGO INC,ORD CL A,G1820C102,234815,1148242
CANOPY GROWTH CORPORATION,COM NEW,138035704,28975,30500
CANTON STRATEGIC HOLDINGS IN,COM,432705309,534751,189628
CAPITAL BANCORP INC MD,COM,139737100,579480,16500
CAPITAL CITY BANK,COM,139674105,6556601,132671
CAPITAL GROUP CORE BALANCED,SHS,14021D107,3682120,97000
CAPITAL GROUP CORE EQUITY ET,SHS CREAT UNIT,14020V108,1255404,28224
CAPITAL GROUP DIVIDEND VALUE,SHS CREAT UNIT,14020W106,2000768,40600
CAPITAL GROUP GBL GROWTH EQT,SHS CREAT UNIT,14020X104,1111501,26258
CAPITAL GROUP GROWTH ETF,SHS CREAT UNIT,14020G101,3722098,78858
CAPITAL GROUP INTL FOCUS EQT,SHS CREAT UNIT,14019W109,377358,10900
CAPITAL GRP FIXED INCM ETF T,CORE BOND ETF,14020Y508,1175482,44900
CAPITAL GRP FIXED INCM ETF T,MUN INM ETF,14020Y201,10394648,378400
CAPITAL GRP FIXED INCM ETF T,US MULTI-SECTOR,14020Y300,844497,30900
CAPITAL ONE FINL CORP,COM,14040H105,118667532,591504
CAPITOL FED FINL INC,COM,14057J101,32325209,3798497
CAPRI HOLDINGS LIMITED,SHS,G1890L107,440109,23700
CARDIFF ONCOLOGY INC,COM,14147L108,18125,13942
CARDINAL HEALTH INC,COM,14149Y108,130681756,550100
CARDIO DIAGNOSTICS HOLDGS IN,COM NEW,14159C202,107748,49200
CARDIOL THERAPEUTICS INC,COM CL A,14161Y200,819207,772837
CARDLYTICS INC,COM NEW,14161W303,82638,18405
CARECLOUD INC,COM,14167R100,446472,210600
CAREDX INC,COM,14167L103,35424332,1242959
CARGURUS INC,COM CL A,141788109,22970762,673827
CARIBOU BIOSCIENCES INC,COM,142038108,4881439,2773545
CARIS LIFE SCIENCES INC,COM,142152107,10121760,568000
CARLISLE COS INC,COM,142339100,20031055,55220
CARLYLE GROUP INC,COM,14316J108,31359317,744700
CARMAX INC,COM,143130102,45716106,864362
CARNIVAL CORP LTD,COMMON SHARES,G2004J103,14085010,493000
CARPARTS COM INC,COM,14427M206,840272,130477
CARRIAGE SVCS INC,COM,143905107,16759373,437125
CARS COM INC,COM,14575E105,2767798,252998
CARTERS INC,COM,146229109,16978500,412500
CARTESIAN THERAPEUTICS INC,COM NEW,816212302,211526,20300
CARVANA CO,CL A,146869102,337159659,5122450
CASEYS GEN STORES INC,COM,147528103,4380882,5512
CASS INFORMATION SYS INC,COM,14808P109,472657,9210
CASTLE BIOSCIENCES INC,COM,14843C105,8853120,371200
CASTOR MARITIME INC,SHS,Y1146L208,136116,64817
CATALYST BANCORP INC,COMMON STOCK,14888L101,381381,23100
CATALYST PHARMACEUTICALS INC,COM,14888U101,67136900,2136077
CATHAY GEN BANCORP,COM,149150104,8775986,141571
CATO CORP NEW,CL A,149205106,1820718,561950
CAVCO INDS INC DEL,COM,149568107,25907790,42169
CBAK ENERGY TECHNOLOGY LTD,COM,G20080100,24492,41400
CB FINL SVCS INC,COM,12479G101,2042772,53899
CBL & ASSOC PPTYS INC,COMMON STOCK,124830878,16661075,313827
CBL INTL LTD,SHS CL B,G1991X125,4071,11800
CBOE GLOBAL MKTS INC,COM,12503M108,249077944,1026406
CBRE GROUP INC,CL A,12504L109,27247787,202300
CCH HLDGS LTD,CL A ORD SHS,G1993F106,16825,35813
CDW CORP,COM,12514G108,2812519,19998
CELESTICA INC,COM,15101Q207,80900966,221768
CELLEBRITE DI LTD,ORDINARY SHARES,M2197Q107,31393489,2150239
CEL-SCI CORP,COM NEW,150837706,595358,572460
CENCORA INC,COM,03073E105,6683988,23620
CENOVUS ENERGY INC,COM,15135U109,57100066,2301494
CENTENE CORP DEL,COM,15135B101,140730926,2192412
CENTERRA GOLD INC,COM,152006102,17476134,1101900
CENTERSPACE,COM,15202L107,12684218,225738
CENTRAL GARDEN & PET CO,CL A NON-VTG,153527205,12474480,321756
CENTRAL GARDEN & PET CO,COM,153527106,9439410,212887
CENTRAL PAC FINL CORP,COM NEW,154760409,19344480,506400
CENTRAL PLAINS BANCSHARES IN,COM,15486W100,460526,24200
CENTRUS ENERGY CORP,CL A,15643U104,47084513,280482
CENTURI HOLDINGS INC,COM SHS,155923105,27630288,913700
CENTURY ALUM CO,COM,156431108,4338697,94299
CENTURY CASINOS INC,COM,156492100,317800,248281
CENTURY THERAPEUTICS INC,COM,15673T100,3081365,1257700
CERAGON NETWORKS LTD,ORD,M22013102,1490087,575323
CERENCE INC,COM,156727109,2972270,262568
CERTARA INC,COM,15687V109,4484785,684700
CERUS CORP,COM,157085101,1961364,671700
CEVA INC,COM,157210105,1150751,24401
CF BANKSHARES INC,COM,12520L109,3356402,102423
C & F FINL CORP,COM,12466Q104,6246320,78079
CF INDUSTRIES HOLD,COM,125269100,43676306,403439
CHAGEE HLDGS LTD,SPONSORED ADS,15743P104,272854,22700
CHAIN BRIDGE BANCORP INC,CL A,15746L100,723260,17200
CHAMPION HOMES INC,COM,830830105,7137720,81000
CHAMPIONS ONCOLOGY INC,COM NEW,15870P307,856480,139039
CHARGEPOINT HOLDINGS INC,COM SHS,15961R303,1070650,181159
CHATHAM LODGING TR,COM,16208T102,11507123,869775
CHECHE GROUP INC,ORD SHS CL A,G20707108,7271,13489
CHEETAH MOBILE INC,SPONSORED ADS,163075203,116735,38654
CHEFS WHSE INC,COM,163086101,6126279,63749
CHEGG INC,COM,163092109,3430869,3396900
CHEMED CORP NEW,COM,16359R103,18201119,39080
CHEMUNG FINL CORP,COM,164024101,4525440,60679
CHENIERE ENERGY INC,COM NEW,16411R208,171935668,719366
CHERRY HILL MTG INVT CORP,COM,164651101,1306123,562984
CHESAPEAKE UTILS CORP,COM,165303108,4782844,39050
CHEVRON CORPORATION,COM,166764100,475816787,2870517
CHEWY INC,CL A,16679L109,15997065,814100
CHICAGO ATLANTIC REAL ESTATE,COM,167239102,413792,38600
CHICAGO RIVET & MACH CO,COM,168088102,284161,27310
CHIME FINL INC,COM SHS CL A,16935C109,18915328,923600
CHIMERA INVT CORP,COM SHS,16934Q802,328871,24653
CHINA AUTOMOTIVE SYS INC,SHS,G2125H101,1598445,357594
CHINA PHARMA HLDGS INC,COM SHS,16941T401,9931,15045
CHINA YUCHAI INTL LTD,COM,G21082105,11615592,245003
CHIPMOS TECHNOLOGIES INC,SPONSORD ADS NEW,16965P202,71053433,1105890
CHIPOTLE MEXICAN GRILL INC,COM,169656105,114399800,3364700
CHIRON REAL ESTATE INC,COM NEW,37954A303,536423,14297
CHORD ENERGY CORPORATION,COM NEW,674215207,1725244,15094
CHOWCHOW CLOUD INTL HLDGS LT,ORDINARY SHARES,G2124J108,8115,21100
CHUNGHWA TELECOM CO LTD,SPON ADR NEW11,17133Q502,113568947,2565950
CHURCHILL DOWNS INC,COM,171484108,14813010,165250
CIA ENERGETICA DE MINAS GERA,SP ADR N-V PFD,204409601,11446634,5450778
CIBUS INC,CL A COM STK,17166A101,181525,132500
CIENA CORP,COM NEW,171779309,90642733,184774
CINEMARK HLDGS INC,COM,17243V102,119713641,3772885
CINEVERSE CORP,COM CL A,172406308,303014,102025
CINGULATE INC,COM,17248W303,697425,127500
CION INVT CORP,COM,17259U204,1548778,248600
CIPHER DIGITAL INC,COM,17253J106,14435400,589200
CIRCLE INTERNET GROUP INC,COM CL A,172573107,127328982,2033035
CIRRUS LOGIC INC,COM,172755100,53132152,357720
CI&T INC,COM CL A,G21307106,719770,215500
CITI TRENDS INC,COM,17306X102,782112,13522
CITIZENS CMNTY BANCORP INC M,COM,174903104,2507408,107200
CITIZENS INC,CL A,174740100,932142,162394
CITIZENS & NORTHN CORP,COM,172922106,1235197,52990
CITY HLDG CO,COM,177835105,8182296,61688
CIVEO CORP CDA,COM NEW,17878Y207,16503620,471532
CIVISTA BANCSHARES INC,COM NO PAR,178867107,1043124,36964
CLARITEV CORPORATION,CL A NEW,62548M209,1569572,46015
CLARIVATE PLC,ORD SHS,G21810109,460728,213300
CLAROS MTG TR INC,COMMON STOCK,18270D106,58045,24700
CLEAN ENERGY FUELS CORP,COM,184499101,2101726,1025232
CLEAN HARBORS INC,COM,184496107,24557848,82202
CLEARFIELD INC,COM,18482P103,1822183,45795
CLEAR SECURE INC,COM CL A,18467V109,182605865,3276617
CLEARWATER PAPER CORP,COM,18538R103,547232,34900
CLEARWAY ENERGY INC,CL C,18539C204,18355651,537029
CLIMB BIO INC,COM,28658R106,2512808,192700
CLIMB GLOBAL SOLUTIONS INC,COM,946760105,10935159,471140
CLIPPER RLTY INC,COM,18885T306,246315,90557
CLOUDASTRUCTURE INC,COM CL A,18912E207,3604,10600
CLOUDFLARE INC,CL A COM,18915M107,42040992,171400
CLOVER HEALTH INVESTMENTS CO,COM CL A,18914F103,14710991,2807441
CLPS INCORPORATION,COM,G31642104,11013,13032
CMB.TECH NV,SHS,B38564108,7259859,518932
CME GROUP INC,COM,12572Q105,150175221,680049
CNB FINL CORP PA,COM,126128107,4717546,139945
CNX RES CORP,COM,12653C108,23018655,678416
COCA COLA CO,COM,191216100,343031,4238
COCA COLA CONS INC,COM,191098102,38369192,200970
COCRYSTAL PHARMA INC,COM NEW,19188J409,188609,179628
CODA OCTOPUS GROUP INC,COM NEW,19188U206,1005607,102928
CODERE ONLINE LUXEMBOURG S A,ORDINARY SHARES,L18268109,373230,39000
CODEXIS INC,COM,192005106,93790,41500
CO-DIAGNOSTICS INC,COM,189763204,38750,12500
COEUR MNG INC,COM NEW,192108504,8386636,513887
COFFEE HLDG CO INC,COM,192176105,1429400,427964
COGENT BIOSCIENCES INC,COM,19240Q201,38551702,996168
COGENT COMM HOLDINGS INC,COM NEW,19239V302,683326,49231
COGNEX CORP,COM,192422103,37481550,517558
COGNITION THERAPEUTICS INC,COM,19243B102,797281,693288
COGNYTE SOFTWARE LTD,ORD SHS,M25133105,5297949,603411
COHEN & STEERS INC,COM,19247A100,1797818,23612
COHERUS ONCOLOGY INC,COM,19249H103,788278,563056
COHU INC,COM,192576106,5358475,72500
COINBASE GLOBAL INC,COM CL A,19260Q107,13537194,92600
COLGATE PALMOLIVE CO,COM,194162103,80855617,881933
COLLEGIUM PHARMACEUTICAL INC,COM,19459J104,49469074,1366549
COLLIERS INTL GROUP INC,SUB VTG SHS,194693107,32657678,348200
COLLPLANT BIOTECHNOLOGIES LT,SHS NEW,M2R51X116,21457,61500
COLONY BANKCORP INC,COM,19623P101,939067,46743
COLUMBIA BKG SYS INC,COM,197236102,12324635,384544
COLUMBIA FINL INC,COM,197641103,15256374,718962
COLUMBIA SPORTSWEAR CO,COM,198516106,10101512,163402
COLUMBUS MCKINNON CORP N Y,COM,199333105,2257532,149209
COMFORT SYS USA INC,COM,199908104,150945312,76160
COMMERCE BANCSHARES INC,COM,200525103,56515652,978626
COMMERCE.COM INC,COM SER 1,08975P108,3663888,1237800
COMMERCIAL BANCGROUP INC,COM,20112C106,1201188,37200
COMMERCIAL VEH GROUP INC,COM,202608105,9039765,1956659
COMMUNITY HEALTHCARE TR INC,COM,20369C106,272372,14900
COMMUNITY TR BANCORP INC,COM,204149108,7270516,100477
COMMUNITY WEST BANCSHARES NE,COM,203937107,6965469,259325
COMMVAULT SYS INC,COM,204166102,120314314,848898
COMPANHIA DE SANEAMENTO BASI,SPONSORED ADR,20441A102,43624492,7547490
COMPANHIA SIDERURGICA NACION,SPONSORED ADR,20440W105,3304431,3611400
COMPANIA CERVECERIAS UNIDAS,SPONSORED ADR,204429104,2829848,252665
COMPASS INC,CL A,20464U100,4952209,401639
COMPASS MINERALS INTL INC,COM,20451N101,488741,15700
COMPASS PATHWAYS PLC,SPONSORED ADS,20451W101,20261229,1431889
COMPUGEN LTD,ORD,M25722105,4017850,1877500
COMPX INTL INC,CL A,20563P101,2508650,100749
COMSCORE INC,COM NEW,20564W204,294617,39921
COMSTOCK HLDG COS INC,CL A NEW,205684202,2690781,168279
COMSTOCK INC,COM SHS,205750409,841497,202283
COMSTOCK RES INC,COM,205768302,3561404,238700
COMTECH TELECOMMUNICATIONS C,COM NEW,205826209,698250,332500
CONAGRA BRANDS INC,COM,205887102,24933048,1852381
CONCRETE PUMPING HLDGS INC,COM,206704108,5042720,418483
CONDUENT INC,COM,206787103,3966820,2717000
CONNECT BIOPHARMA HLDGS LTD,SHS,G23549101,207774,87300
CONNECTONE BANCORP INC,COM,20786W107,5008844,149786
CONOCOPHILLIPS,COM,20825C104,210255496,2022465
CONSENSUS CLOUD SOLUTIONS IN,COM,20848V105,2135027,55964
CONSOLIDATED EDISON INC,COM,209115104,56155788,507600
CONSOLIDATED WATER CO INC,ORD,G23773107,9093877,308267
CONSTELLATION BRANDS INC,CL A,21036P108,556360,4000
CONSUMER PORTFOLIO SVCS INC,COM,210502100,3261898,339958
CONTANGO SILVER & GOLD INC,COM,21077F100,982659,62233
CONTEXT THERAPEUTICS INC,COM,21077P108,576831,1041399
CONTINEUM THERAPEUTICS INC,CL A,21217B100,1103047,67300
COOPER-STANDARD HOLDINGS INC,COM,21676P103,7544245,278900
COPA HOLDINGS SA,CL A,P31076105,120244409,772928
COPART INC,COM,217204106,11425407,405300
COPT DEFENSE PROPERTIES,SHS BEN INT,22002T108,13528055,371752
CORBUS PHARMACEUTICALS HLDGS,COM NEW,21833P301,1039510,110822
CORCEPT THERAPEUTICS INC,COM,218352102,457498555,5261628
CORE LABORATORIES INC,COM,21867A105,168925,14500
CORE & MAIN INC,CL A,21874C102,67960125,1408500
CORE MOLDING TECHNOLOGIES IN,COM,218683100,10901949,461947
CORE NATURAL RESOURCES INC,COM SHS,218937100,432108,5400
CORE SCIENTIFIC INC NEW,COM,21874A106,84942499,3319363
CORVEL CORP,COM,221006109,95626216,1529530
CORVEX INC,COM NEW,62459M305,339618,15647
COSAN S A,ADS,22113B103,8062220,2799382
COSTAMARE BULKERS HLDGS LTD,COM SHS,Y2001C101,3444324,196146
COSTAMARE INC,SHS,Y1771G102,13532455,965225
COURSERA INC,COM,22266M104,9224152,1635488
COUSINS PPTYS INC,COM NEW,222795502,18900321,630431
COVISTA INC,COM,00737L103,2717588,21800
COYA THERAPEUTICS INC,COMMON STOCK,22407B108,1128968,192986
CPS TECHNOLOGIES CORP,COM,12619F104,342560,62058
CRA INTL INC,COM,12618T105,25866582,181775
CRANE COMPANY,COMMON STOCK,224408104,35601972,159600
CRAWFORD & CO,CL A,224633206,5323091,472324
CRAWFORD & CO,CL B,224633107,6048461,579910
CREATIVE REALITIES INC,COM,22530J309,284156,68803
CREDIT ACCEP CORP MICH,COM,225310101,38055403,59766
CREDO TECHNOLOGY GROUP HOLDI,ORDINARY SHARES,G25457105,229590524,844238
CREXENDO INC,COM,226552107,3368828,450981
CRICUT INC,COM CL A,22658D100,3893680,886943
CRITICAL METALS CORP,PUBCO ORD SHS,G2662B103,7211890,703599
CROCS INC,COM,227046109,1411488,11700
CRONOS GROUP INC,COM,22717L101,4843174,1742149
CROSS CTRY HEALTHCARE INC,COM,227483104,2016942,152683
CROWDSTRIKE HLDGS INC,CL A,22788C105,571561334,748960
CROWN CASTLE INC,COM,22822V101,47422353,626203
CROWN CRAFTS INC,COM,228309100,791343,278642
CROWN HLDGS INC,COM,228368106,3567058,31900
CRYOPORT INC,COM PAR $0.001,229050307,5846759,372405
CS DISCO INC,COM,126327105,305802,80900
CSP INC,COM,126389105,2125649,267714
CSX CORP,COM,126408103,30172044,634800
CTO RLTY GROWTH INC NEW,COM,22948Q101,2710282,126001
CTS CORP,COM,126501105,20296385,311342
CUE BIOPHARMA INC,COM,22978P205,463585,14689
CULLEN FROST BANKERS INC,COM,229899109,5964472,38600
CULLINAN THERAPEUTICS INC,COM,230031106,5951228,326811
CULP INC,COM,230215105,1716833,553817
CUMBERLAND PHARMACEUTICALS I,COM,230770109,3099144,478263
CURANEX PHARMACEUTICALS INC,COM,23126K106,13790,52000
CURBLINE PPTYS CORP,COM,23128Q101,3083381,101427
CURIOSITYSTREAM INC,COM CL A,23130Q107,4064480,1528000
CURIS INC,COM,231269309,74123,141972
CUSHMAN AND WAKEFIELD LTD,COMMON SHARES,G2717C106,10551320,788000
CUSTOMERS BANCORP INC,COM,23204G100,12459832,157520
CVB FINL CORP,COM,126600105,20375977,903591
CVD EQUIP CORP,COM,126601103,1008608,135748
CVR ENERGY INC,COM,12662P108,3159747,114733
CVRX INC,COM,126638105,1182200,230000
CVS HEALTH CORP,COM,126650100,45623105,441016
CXAPP INC,COM CL A,23248B109,117912,633254
CYTEK BIOSCIENCES INC,COM,23285D109,2929559,661300
CYTOSORBENTS CORP,COM NEW,23283X206,37407,100020
DAILY JOURNAL CORP,COM,233912104,9072558,15091
DAKOTA GOLD CORP,COM,46655E100,2035803,477888
DAKTRONICS INC,COM,234264109,15357749,785161
DANAHER CORP DEL,COM,235851102,144885945,760636
DANA INC,COM,235825205,10583166,388944
DANAOS CORPORATION,SHS,Y1968P121,4375095,35753
DAQO NEW ENERGY CORP,SPNSRD ADS NEW,23703Q203,3895472,290924
DATADOG INC,CL A COM,23804L103,49232260,189093
DATA I O CORP,COM,237690102,1546225,392443
DAUCH CORP,COM,024061103,3857409,711699
DAVE INC,CLASS A COM NEW,23834J201,136881369,367378
DAVITA INC,COM,23918K108,1423872,6400
DAXOR CORP,COM,239467103,302883,29421
DECKERS OUTDOOR CORP,COM,243537107,11428279,115100
DEFINITIVE HEALTHCARE CORP,CLASS A COM,24477E103,436256,525040
DELL TECHNOLOGIES INC,CL C,24703L202,279015258,646677
DENISON MINES CORP,COM,248356107,29065450,9498513
DENTSPLY SIRONA INC,COM,24906P109,354989,33458
DESCARTES SYS GROUP INC,COM,249906108,44372039,640844
DESIGNER BRANDS INC,CL A,250565108,1471719,252439
DESIGN THERAPEUTICS INC,COM,25056L103,5613101,387913
DESTINATION XL GROUP INC,COM,25065K104,158972,237272
DEXCOM INC,COM,252131107,109834111,1630796
DHI GROUP INC,COM,23331S100,7469080,2013229
DHT HOLDINGS INC,SHS NEW,Y2065G121,18527568,1120845
DIAMONDBACK ENERGY INC,COM,25278X109,58271070,331500
DIANA SHIPPING INC,COM,Y2066G104,5734428,2730680
DICKS SPORTING GOODS INC,COM,253393102,29675594,130839
DIEBOLD NIXDORF INC,COM SHS,253651202,3281772,38600
DIGI INTL INC,COM,253798102,6969151,92984
DIGIMARC CORP,COM,25382K100,1011882,123100
DIGITALBRIDGE GROUP INC,CL A NEW,25401T603,539297,34176
DIGITAL RLTY TR INC,COM,253868103,790152,4400
DIGITAL TURBINE INC,COM NEW,25400W102,25838700,2003000
DILLARDS INC,CL A,254067101,85360438,161539
DIME COML BANCSHARES INC,COM,25432X102,2868874,70575
DIMENSIONAL ETF TRUST,INTL CORE EQUITY,25434V799,2779596,74600
DIMENSIONAL ETF TRUST,US CORE EQT MKT,25434V104,1395630,27000
DIMENSIONAL ETF TRUST,US COR EQU 2 ETF,25434V708,2067176,46600
DIMENSIONAL ETF TRUST,US EQUI MARK ETF,25434V401,1638800,20000
DIMENSIONAL ETF TRUST,US HIGH PROF ETF,25434V831,1159802,27793
DIMENSIONAL ETF TRUST,US LARG VALU ETF,25434V666,1399716,35400
DIMENSIONAL ETF TRUST,US REAL ESTA ETF,25434V823,2901144,110900
DIMENSIONAL ETF TRUST,US SMALL CAP ETF,25434V815,1423787,36705
DIMENSIONAL ETF TRUST,US TARGETED VLU,25434V609,608480,8705
DINGDONG CAYMAN LTD,ADS,25445D101,2674015,1385500
DIREXION SHARES ETF TRUST,DAI BIO BEA ETF,25461H853,366225,47500
DIREXION SHARES ETF TRUST,DAI ENE BUL ETF,25460G609,1318433,17300
DIREXION SHARES ETF TRUST,DAI FTS BEA ETF,25461A460,1841900,45200
DIREXION SHARES ETF TRUST,DAI GOL BEA ETF,25461A189,1301455,20476
DIREXION SHARES ETF TRUST,DAI GOL BUL ETF,25460G781,4966372,42444
DIREXION SHARES ETF TRUST,DAIL JR GOLD ETF,25460G831,2885208,23900
DIREXION SHARES ETF TRUST,DAIL MS KORE ETF,25461A387,9126168,11680
DIREXION SHARES ETF TRUST,DAILY FINANCIAL,25460E216,472680,12000
DIREXION SHARES ETF TRUST,DAILY S&P OIL &,25460G500,1385021,45100
DIREXION SHARES ETF TRUST,DAI SEM BUL ETF,25459W458,693446,2600
DIREXION SHARES ETF TRUST,DLY AMD BEAR 1X,25461A395,31005,11700
DIREXION SHARES ETF TRUST,DLY PLTR BULL 2X,25461A445,1838794,72968
DIREXION SHARES ETF TRUST,DLY TSLA BEAR 1X,25461H564,1769790,34600
DIREXION SHARES ETF TRUST,NASDAQ 100 EQ WT,25459Y207,1232301,10100
DISTRIBUTION SOLUTIONS GRP I,COM,520776105,339140,12400
DIVERSIFIED HEALTHCARE TR,COM SH BEN INT,25525P107,2478478,266503
DLH HLDGS CORP,COM,23335Q100,954833,181873
DMC GLOBAL INC,COM,23291C103,853884,146968
DNOW INC,COM,67011P100,60930790,4697825
DOCEBO INC,COM,25609L105,1930175,107831
DOCGO INC,COM,256086109,1163480,2254370
DOCUSIGN INC,COM,256163106,136594210,3075061
DOLE PLC,ORD SHS,G27907107,11810080,860793
DOLLAR GEN CORP,COM,256677105,39886075,346504
DOLLAR TREE INC,COM,256746108,20610243,170403
DOLPHIN ENTMT INC,COM,25686H308,56925,49500
DOMINOS PIZZA INC,COM,25754A201,41494743,140166
DOMO INC,COM CL B,257554105,112918,36076
DONEGAL GROUP INC,CL A,257701201,6787921,359911
DOORDASH INC,CL A,25809K105,164134822,889475
DORIAN LPG LTD,SHS USD,Y2106R110,239982,6900
DOUBLEDOWN INTERACTIVE CO LT,ADS,25862B109,2946847,256694
DOUGLAS ELLIMAN INC,COM,25961D105,5344734,3019624
DOUGLAS EMMETT INC,COM,25960P109,17020155,1442386
DOUYU INTL HLDGS LTD,SPONSORED ADS,25985W204,559200,120258
DOW HLDGS INC,COM,260557103,79223616,2895600
DOXIMITY INC,CL A,26622P107,59184680,2853649
DRAFTKINGS INC NEW,COM CL A,26142V105,30163345,1194115
DRDGOLD LIMITED,SPON ADR REPSTG,26152H301,5983596,280920
D R HORTON INC,COM,23331A109,6814573,41838
DRILLING TOOLS INTL CORP,COM,26205E107,257076,133200
DRIVEN BRANDS HLDGS INC,COM,26210V102,1743894,125100
DROPBOX INC,CL A,26210C104,198159432,7213667
DR REDDYS LABS LTD,ADR,256135203,106458436,7347028
DSS INC,COM NEW,26253C201,15958,27048
DTE ENERGY CO,COM,233331107,40576131,266300
DUCOMMUN INC DEL,COM,264147109,1981747,10700
DUKE ENERGY CORP NEW,COM NEW,26441C204,93612239,739550
DULUTH HLDGS INC,COM CL B,26443V101,398272,88900
DUOLINGO INC,CL A COM,26603R106,24329721,211526
DUOS TECHNOLOGIES GROUP INC,COM,266042407,3446400,287200
DXP ENTERPRISES INC,COM NEW,233377407,11678327,69209
DYADIC INTL INC DEL,COM,26745T101,70592,78786
DYCOM INDS INC,COM,267475101,20668519,40880
DYNE THERAPEUTICS INC,COM,26818M108,8008304,360572
EAGLE BANCORP MONT INC,COM,26942G100,3142751,131331
EASTERLY GOVT PPTYS INC,COM SHS,27616P301,4207336,168766
EASTERN BANKSHARES INC,COM,27627N105,6446709,289870
EASTERN CO,COM,276317104,3660520,131437
EASTMAN CHEM CO,COM,277432100,8696683,129840
EASTMAN KODAK CO,COM NEW,277461406,1892966,204645
EAST WEST BANCORP INC,COM,27579R104,33593478,260233
EBANG INTL HLDGS INC,CL A ORD SH NEW,G3R33A205,97910,44913
ECARX HOLDINGS INC,CLASS A ORD,G29201103,2733664,2119119
ECB BANCORP INC,COM,26828M106,1682704,83800
ECHOSTAR CORP,CL A,278768106,14289881,140787
ECOPETROL S A,SPONSORED ADS,279158109,12807456,899400
ECOVYST INC,COM,27923Q109,2653095,213100
EDITAS MEDICINE INC,COM,28106W103,7999298,2468919
EDUCATIONAL DEV CORP,COM,281479105,304333,201545
EDWARDS LIFESCIENCES CORP,COM,28176E108,1899660,21000
EGAIN CORP,COM NEW,28225C806,4794294,760999
EHEALTH INC,COM,28238P109,24138,16200
EIGHTCO HOLDINGS INC,COM,22890A302,3996951,5746874
EIKON THERAPEUTICS INC,COM,282564103,349701,26797
ELBIT SYS LTD,ORD,M3760D101,18467245,24340
ELDORADO GOLD CORP NEW,COM,284902509,41416139,1332137
ELECTROCORE INC,COM NEW,28531P202,171936,19900
ELECTROMED INC,COM,285409108,4217479,99704
ELECTRO-SENSORS INC,COM,285233102,101112,13200
ELEDON PHARMACEUTICALS INC,COM,28617K101,791546,200900
ELEVANCE HEALTH INC FORMERLY,COM,036752103,77876980,201373
ELI LILLY & CO,COM,532457108,31294701,26091
ELLINGTON CREDIT COMPANY,COM SHS BEN INT,288578107,72037,16298
EL POLLO LOCO HLDGS INC,COM,268603107,7096064,418400
ELTEK LTD,SHS,M40184208,734569,77323
ELUTIA INC,CL A COM,05479K106,197699,201816
EMBOTELLADORA ANDINA S A,SPON ADR A,29081P204,1646134,76600
EMBOTELLADORA ANDINA S A,SPON ADR B,29081P303,12392300,424976
EMBRAER S.A.,SPONSORED ADS,29082A107,73893160,1158200
EMCOR GROUP INC,COM,29084Q100,54473323,65640
EMERALD HOLDING INC,COM,29103W104,660558,131063
EMERGENT BIOSOLUTIONS INC,COM,29089Q105,5725610,683247
EMERSON RADIO CORP,COM NEW,291087203,226995,636731
EMPIRE ST RLTY TR INC,CL A,292104106,3387201,626100
EMPLOYERS HLDGS INC,COM,292218104,5581069,110560
ENANTA PHARMACEUTICALS INC,COM,29251M106,8129808,557600
ENCOMPASS HEALTH CORP,COM,29261A100,17638460,174500
ENCORE CAP GROUP INC,COM,292554102,1492640,16000
ENDEAVOUR SILVER CORP,COM,29258Y103,13885560,1677000
ENEL CHILE SA,SPONSORED ADR,29278D105,9585846,2130188
ENERFLEX LTD,COM,29269R105,6852040,279561
ENERGOUS CORP,COM NEW,29272C301,218855,9100
ENERGY FOCUS INC,COM NEW,29268T508,110213,33398
ENERGY SERVICES OF AMER CORP,COM,29271Q103,3179728,164412
ENERGYS GROUP LTD,SHS,G3040B104,258795,106500
ENERPAC TOOL GROUP CORP,CL A COM,292765104,315568,8800
ENERSYS,COM,29275Y102,24270516,103800
ENGENE THERAPEUTICS INC,COM,29286X101,1435381,829700
ENLIVEX LTD,COM,M4130Y106,73632,133900
ENNIS INC,COM,293389102,26170353,1231546
ENOVA INTL INC,COM,29357K103,187117985,777294
ENPHASE ENERGY INC,COM,29355A107,14594736,296400
ENPRO INC,COM,29355X107,1688646,4480
ENSIGN GROUP INC,COM,29358P101,5658590,35300
ENTERA BIO LTD,SHS,M40527109,652859,368847
ENTERGY CORP NEW,COM,29364G103,55603726,484100
ENTRADA THERAPEUTICS INC,COM,29384C108,1405760,191000
ENTRAVISION COMMUNICATIONS C,CL A,29382R107,31828202,2440813
ENVELA CORP,COM,29402E102,7591541,262865
ENVERIC BIOSCIENCES INC,COM SHS,29405E505,44240,32058
ENVISTA HOLDINGS CORPORATION,COM,29415F104,40066888,1520565
EOG RES INC,COM,26875P101,92627220,714000
EPLUS INC,COM,294268107,332920,4000
EPR PPTYS,COM SH BEN INT,26884U109,20036654,345400
EPSILON ENERGY LTD,COM,294375209,748089,138279
EQUIFAX INC,COM,294429105,5776614,36395
EQUILLIUM INC,COM,29446K106,2040374,637617
EQUINOR ASA,SPONSORED ADR,29446M102,65698942,2092323
EQUINOX GOLD CORP,COM,29446Y502,42712596,4394300
EQUIPMENTSHARE COM INC,COM CL A,29445S100,12159710,618500
EQUITABLE HLDGS INC,COM,29452E101,35977212,819900
EQUITY LIFESTYLE PROPERTIES,COM,29472R108,12503300,194000
EQUITY RESIDENTIAL,SH BEN INT,29476L107,31342902,461400
ERASCA INC,COM,29479A108,25078578,1368918
ERIE INDTY CO,CL A,29530P102,7669842,31991
ERO COPPER CORP,COM,296006109,10589683,395876
ESAB CORPORATION,COM,29605J106,15376417,155900
ESCALADE INC,COM,296056104,273869,14583
ESPERION THERAPEUTICS INC NE,COM,29664W105,506232,160200
ESPEY MFG & ELECTRS CORP,COM,296650104,6244153,92712
ESQUIRE FINL HLDGS INC,COM,29667J101,9481156,79600
ESSENTIAL UTILS INC,COM,29670G102,9013692,235283
ESSEX PPTY TR INC,COM,297178105,8749450,30006
ESS TECH INC,COM NEW,26916J205,12065,12700
ESTABLISHMENT LABS HLDGS INC,COM,G31249108,7062163,82300
ESTRELLA IMMUNOPHARMA INC,COM,297584104,40664,39100
ETF OPPORTUNITIES TRUST,T RE 2X BMNR ETF,26923Q564,1499593,2244900
ETF OPPORTUNITIES TRUST,T RE 2X MSTR ETF,26923N173,286740,177000
ETF OPPORTUNITIES TRUST,T REX 2X INVERSE,26923N181,526110,49400
ETF SER SOLUTIONS,US GLB JETS,26922A842,405284,12200
ETHAN ALLEN INTERIORS INC,COM,297602104,3762078,168401
ETHOS TECHNOLOGIES INC,CL A,29765A101,6212950,342500
ETON PHARMACEUTICALS INC,COM,29772L108,1893260,52300
ETORO GROUP LTD,SHS CL A,G32089107,11045680,279850
ETSY INC,COM,29786A106,451259996,5990442
EURODRY LTD,COM,Y23508107,1717577,78464
EUROSEAS LTD,SHS,Y23592135,4344912,65465
EVAXION AS,SPONSORED ADS,29970R303,104780,33800
EVE HLDG INC,COM,29970N104,582887,232226
EVERCORE INC,CLASS A,29977A105,53326099,156180
EVEREST GROUP LTD,COM,G3223R108,55670723,155840
EVERGY INC,COM,30034W106,4797038,55502
EVERPURE INC,CL A,74624M102,287988008,3655134
EVERQUOTE INC,COM CL A,30041R108,12924607,543279
EVERSOURCE ENERGY,COM,30040W108,47928019,663180
EVERSPIN TECHNOLOGIES INC,COM,30041T104,7649827,316370
EVERUS CONSTR GROUP,COM,300426103,21440740,129200
EVGO INC,CL A COM,30052F100,2272008,1189533
EVI INDS INC,COM,26929N102,826158,55897
EVOLUS INC,COM,30052C107,2099829,302569
EVOLUTION PETE CORP,COM,30049A107,3789716,1029814
EVOLV TECHNOLOGIES HLDNGS IN,COM CL A,30049H102,2653500,457500
EXAGEN INC,COM,30068X103,184140,39600
EXCELERATE ENERGY INC,CL A COM,30069T101,9314274,245177
EXELIXIS INC,COM,30161Q104,730617099,13427993
EXELON CORP,COM,30161N101,70541841,1513124
EXLSERVICE HLDGS INC,COM,302081104,31086203,1202096
EXPAND ENERGY CORPORATION,COM,165167735,2066548,22662
EXPEDIA GROUP INC,COM NEW,30212P303,997932,3900
EXPEDITORS INTL WASH INC,COM,302130109,69350598,425516
EXPENSIFY INC,COM CL A,30219Q106,1336593,746700
EXTREME NETWORKS INC,COM,30226D106,60291715,1862580
EXZEO GROUP INC,COM SHS,30234F101,1212582,71878
EZCORP INC,CL A NON VTG,302301106,69218336,2002266
F5 INC,COM,315616102,12592773,30274
FAETH THERAPEUTICS INC,COM NEW,81728A207,510400,20416
FAIR ISAAC CORP,COM,303250104,6834142,5720
FARMERS & MERCHANTS BANCORP,COM,30779N105,1739421,56881
FARMERS NATIONAL BANC CORP,COM,309627107,574291,39335
FARMLAND PARTNERS INC,COM,31154R109,3779072,390400
FASTENAL CO,COM,311900104,2842223,59176
FASTLY INC,CL A,31188V100,5952312,324200
FATE THERAPEUTICS INC,COM,31189P102,8054824,2983268
FATHOM HOLDINGS INC,COM,31189V109,80497,79700
FB BANCORP INC,COM,31425A109,4502533,298973
FBS GLOBAL LTD,ORD SHS,G3337S109,62867,123292
FEDERAL AGRIC MTG CORP,CL C,313148306,4782480,24000
FEDERAL RLTY INVT TR NEW,SH BEN INT NEW,313745101,14022784,113600
FEDERATED HERMES INC,CL B,314211103,18183946,329300
FEDEX CORP,COM,31428X106,49447298,157913
FENNEC PHARMACEUTICALS INC,COM,31447P100,1442650,134200
FERGUSON ENTERPRISES INC,COMMON STOCK NEW,31488V107,10418787,43900
FERMI INC,COM,314911108,11155964,1217900
FERRARI N V,COM,N3167Y103,13315100,35944
FERROGLOBE PLC,SHS,G33856108,8391177,2638735
FIDELITY COVINGTON TRUST,ENH MID COR ETF,31609A503,564062,13900
FIDELITY COVINGTON TRUST,HIGH DIVID ETF,316092840,1362554,22600
FIDELITY D & D BANCORP INC,COM,31609R100,539447,10491
FIDELITY MERRIMACK STR TR,TOTAL BD ETF,316188309,15452953,339700
FIDELITY NATL FINL INC,COM SHS,31620R303,11795140,250109
FIDELITY NATL INFORMATION SV,COM,31620M106,36747121,945142
FIDELITY WISE ORIGIN BITCOIN,SHS,315948109,11052325,216500
FIFTH DIST BANCORP INC,COM,316926104,1015998,62600
FIGMA INC,CLASS A COM STK,316841105,54772902,3027800
FIGS INC,CL A,30260D103,17166963,1678100
FIGURE TECHNOLOGY SOLUTIO,COM CL A,349381103,8242564,268400
FILANA THERAPEUTICS INC,COM,14817C107,463625,389601
FINANCIAL INSTITUTIONS INC,COM,317585404,5335149,136904
FINWARD BANCORP,COM,31812F109,1666134,45300
FINWISE BANCORP,COM,31813A109,374100,25800
FIREFLY AEROSPACE INC,COM,31816X106,18160380,617700
FIRST AMERN FINL CORP,COM,31847R102,9777024,142543
FIRST BANCORP CORPORATION,COM NEW,318672706,21607155,828813
FIRST BANCORP INC ME,COM,31866P102,3250691,93357
FIRST BK WILLIAMSTOWN NEW JE,COM,31931U102,623210,35150
FIRST BUSEY CORP,COM NEW,319383204,6522450,221100
FIRST BUSINESS FINL SVCS INC,COM,319390100,7635042,120865
FIRST CAP INC,COM,31942S104,265024,4100
FIRSTCASH HOLDINGS INC,COM,33768G107,28303525,130841
FIRST CMNTY BANKSHARES INC V,COM,31983A103,2553795,57492
FIRST CMNTY CORP S C,COM,319835104,5863968,179436
FIRST COMWLTH FINL CORP PA,COM,319829107,2251161,110731
FIRST CTZNS BANCSHARES INC D,CL A,31946M103,48037118,23086
FIRSTENERGY CORP,COM,337932107,18331804,385608
FIRST FINANCIAL CORPORATION,COM,320218100,7192085,92873
FIRST FINL BANKSHARES INC,COM,32020R109,5404797,156208
FIRST GTY BANCSHARES INC,COM,32043P106,230663,22906
FIRST HAWAIIAN INC,COM,32051X108,5930320,202400
FIRST HORIZON CORPORATION,COM,320517105,22322466,870611
FIRST MAJESTIC SILVER CORP,COM,32076V103,52454295,3092824
FIRST NATL CORP VA,COM,32106V107,1005670,33500
FIRST NORTHWEST BANCORP,COM,335834107,3808417,352305
FIRST SEACOAST BANCORP INC,COM,33631F104,622674,36932
FIRSTSERVICE CORP NEW,COM,33767E202,61226672,430840
FIRST SOLAR INC,COM,336433107,10287856,43600
FIRST TR EXCHANGE-TRADED FD,FST LOW OPPT EFT,33739Q200,1792080,36000
FIRST TR EXCHANGE-TRADED FD,NAT GAS ETF,33733E807,396223,14890
FIRST TR EXCHANGE TRADED FD,RBA INDL ETF,33738R704,2718300,20400
FIRST TR EXCHANGE-TRADED FD,SHS,337345102,669380,2000
FIRST TR EXCHANGE-TRADED FD,SHS,336917109,2195150,45112
FIRST TR EXCHNG TRADED FD VI,FT LADD BUFF ETF,33740F755,1833806,50200
FIRST TR EXCHNG TRADED FD VI,SMITH OPPORT FXD,33740F805,514598,11800
FIRST TR EXCH TRADED FD III,PFD SECS INC ETF,33739E108,1478569,82694
FIRST US BANCSHARES INC,COM,33744V103,1312763,79321
FIRST UTD CORP,COM,33741H107,4904811,111195
FIRST WESTN FINL INC,COM,33751L105,1841765,57358
FIRY INC,COM CL A,83067L208,4079381,400725
FISERV INC,COM,337738108,54775459,1116727
FIVE BELOW INC,COM,33829M101,65857077,366300
FIVE POINT HOLDINGS LLC,COM CL A,33833Q106,1573095,298500
FIVERR INTL LTD,ORD SHS,M4R82T106,7919145,767359
FIVE STAR BANCORP,COM,33830T103,647577,13300
FLANIGANS ENTERPRISES INC,COM,338517105,1389726,30993
FLEXIBLE SOLUTIONS INTL INC,COM,33938T104,2196142,329751
FLEX LNG LTD,SHS,G35947202,24563836,875404
FLEXSTEEL INDS INC,COM,339382103,10945208,146955
FLOOR & DECOR HLDGS INC,CL A,339750101,13035456,219600
FLOWCO HLDGS INC,COM CL A,342909108,9983172,467815
FLOWERS FOODS INC,COM,343498101,5856286,741302
FLUOR CORP,COM,343412102,11546756,220400
FLYWIRE CORPORATION,COM VTG,302492103,13852188,788400
F N B CORP,COM,302520101,56318951,2951727
FOGHORN THERAPEUTICS INC,COM,344174107,1844328,377936
FORAFRIC GLOBAL PLC,ORDINARY SHARES,X3R81D102,224865,22308
FORESTAR GROUP INC,COM,346232101,1456438,46017
FORGENT POWER SOLUTIONS INC,COM SHS CL A,34631F102,93269442,1669700
FORMFACTOR INC,COM,346375108,47270190,295568
FORRESTER RESH INC,COM,346563109,3517112,418206
FORTINET INC,COM,34959E109,4716134,30700
FORTIS INC,COM,349553107,17051793,297952
FORTIVE CORP,COM,34959J108,81090866,1327400
FORTREA HLDGS INC,COMMON STOCK,34965K107,22439197,1289609
FORTRESS BIOTECH INC,COM NEW,34960Q307,264353,86390
FORTUNA MNG CORP,COM NEW,349942102,7768930,919400
FORUM ENERGY TECHNOLOGIES IN,COM,34984V209,8388360,166999
FORWARD AIR CORP,COM,34986A104,2576884,190739
FORWARD INDUSTRIES INC,COM NEW,349932103,796964,188854
FOSSIL GROUP INC,COM,34988V106,736390,177872
FOSTER L B CO,COM,350060109,16096329,356350
FOX CORP,CL B COM,35137L204,3339692,71300
FOX FACTORY HLDG CORP,COM,35138V102,6474566,382093
FRACTYL HEALTH INC,COM,35168W103,97076,122200
FRANCO NEV CORP,COM,351858105,424575188,2036918
FRANKLIN COVEY CO,COM,353469109,1773593,72303
FRANKLIN ELEC INC,COM,353514102,6484995,60500
FRANKLIN FINL SVCS CORP,COM,353525108,525840,8400
FRANKLIN STR PPTYS CORP,COM,35471R106,987249,1916987
FRANKLIN WIRELESS CORP,COM,355184102,245367,96601
FREEDOM HOLDING CORP,COM,356390104,795867,6100
FREEPORT MCMORAN INC,CL B,35671D857,48330590,768510
FREIGHTCAR AMER INC,COM,357023100,1278862,131300
FREIGHTOS LTD,ORD SHS,G51405101,20064,13200
FREQUENCY ELECTRS INC,COM,358010106,7727187,116461
FRESHWORKS INC,CLASS A COM,358054104,32741236,3235300
FRIEDMAN INDS INC,COM,358435105,9585843,297882
FRONTDOOR INC,COM,35905A109,145674216,1877487
FRONTIER GROUP HLDGS INC,COM,35909R108,11039196,1395600
FRONTLINE PLC,COM,M46528101,28929207,831538
FRP HLDGS INC,COM,30292L107,1299480,52000
FS BANCORP INC,COM,30263Y104,4926464,113513
FUBOTV INC,COM NEW CL A,35953D401,6670432,725047
FUELCELL ENERGY INC,COM NEW,35952H700,45822725,1272500
FUEL TECH INC,COM,359523107,2436317,1102406
FULCRUM THERAPEUTICS INC,COM,359616109,6030948,1647800
FULL HSE RESORTS INC,COM,359678109,1445837,518221
FULL TRUCK ALLIANCE CO LTD,SPONSORED ADS,35969L108,7014056,863800
FULTON FINL CORP PA,COM,360271100,1211024,50063
FUNKO INC,COM CL A,361008105,507444,86300
FURY GOLD MINES LIMITED,COM,36117T100,587100,1087423
FUTUREFUEL CORP,COM,36116M106,6478968,1433400
FVCBANKCORP INC,COM,36120Q101,5714188,326525
GAIA INC NEW,CL A,36269P104,238058,113361
GALAXY DIGITAL INC.,CL A,36317J209,18449223,674807
GALECTIN THERAPEUTICS INC,COM NEW,363225202,201112,43343
GALIANO GOLD INC,COM,36352H100,8178610,4373588
GAMESQUARE HLDGS INC,COM,36468G103,216618,548400
GAMESTOP CORP,CL A,36467W109,61206820,2772048
GAMING & LEISURE P,COM,36467J108,54332389,1220130
GAOTU TECHEDU INC,SPONSORED ADS,36257Y109,3422883,2061978
GARMIN LTD,SHS,H2906T109,33811919,142342
GARRETT MOTION INC,COM,366505105,3978054,109800
GARTNER INC,COM,366651107,69226024,534069
GATES INDL CORP PLC,ORD SHS,G39108108,10455186,373800
GCM GROSVENOR INC,COM CL A,36831E108,2630970,213900
GCT SEMICONDUCTOR HLDG INC,COMMON STOCK,36170N107,5035041,1695300
GE AEROSPACE,COM NEW,369604301,114659613,306797
GEE GROUP INC,COM,36165A102,274117,1305318
GENASYS INC,COM,36872P103,186891,109936
GENCOR INDS INC,COM,368678108,5858890,392687
GENCO SHIPPING & TRADING LTD,SHS,Y2685T131,6264830,252818
GENELUX CORPORATION,COM,36870H103,316739,105229
GENERAL DYNAMICS CORP,COM,369550108,160725773,453720
GENERAL MTRS CO,COM,37045V100,36451132,472900
GENERATE BIOMEDICINES INC,COM SHS,370920100,669486,39685
GENESCO INC,COM,371532102,645007,19100
GENIE ENERGY LTD,CL B,372284208,7327046,507062
GENIUS SPORTS LIMITED,SHARES CL A,G3934V109,1185336,195600
GENMAB A/S,SPONSORED ADS,372303206,96635340,3517850
GENTEX CORP,COM,371901109,42156728,1668252
GENTHERM INC,COM,37253A103,6002746,175982
GENWORTH FINL INC,COM SHS,37247D106,10516435,1110500
GEOPARK LTD,USD SHS,G38327105,26876650,2953478
GEOSPACE TECHNOLOGIES CORP,COM,37364X109,299904,44299
GERDAU SA,SPON ADR REP PFD,373737105,27884581,6902124
GERMAN AMERN BANCORP INC,COM,373865104,4444582,93649
GERON CORP,COM,374163103,5861120,4579000
GE VERNOVA INC,COM,36828A101,5311421,4520
GIBRALTAR INDS INC,COM,374689107,3006727,66668
GIGACLOUD TECHNOLOGY INC,CLASS A ORD,G38644103,385520,12200
G III APPAREL GROUP LTD,COM,36237H101,11845795,351403
GILAT SATELLITE NETWORKS LTD,SHS NEW,M51474118,6030042,453046
GILEAD SCIENCES INC,COM,375558103,280143284,2217376
GINKGO BIOWORKS HOLDINGS INC,CL A NEW,37611X209,5349973,539856
GITLAB INC,CLASS A COM,37637K108,232028,7600
GLADSTONE COMMERCIAL CORP,COM,376536108,13180815,1071611
GLADSTONE LD CORP,COM,376549101,3129657,366900
GLAUKOS CORP,COM,377322102,20571554,147192
GLIMPSE GROUP INC,COM,37892C106,98855,128400
GLOBAL BUSINESS TRAVEL GROUP,COM CL A,37890B100,1077972,114800
GLOBAL E ONLINE LTD,SHS,M5216V106,8790163,253100
GLOBAL INDUSTRIAL COMPANY,COM,37892E102,10147715,303279
GLOBAL NET LEASE INC,COM NEW,379378201,3290814,368100
GLOBAL SELF STORAGE INC,COM,37955N106,1037913,198075
GLOBAL SHIP LEASE INC,COM CL A,Y27183600,18519880,492550
GLOBALSTAR INC,COM NEW,378973507,6495071,79900
GLOBAL WTR RES INC,COM,379463102,1244896,171947
GLOBAL X FDS,GLOBAL X SILVER,37954Y848,1936500,25000
GLOBAL X FDS,NASDAQ 100 COVER,37954Y483,197201,10700
GLOBAL X FDS,S&P 500 COVERED,37954Y475,236582,5800
GLOBAL X FDS,US INFR DEV ETF,37954Y673,3146328,53400
GLOBUS MARITIME LIMITED NEW,COM NEW,Y27265126,696072,232800
GLOBUS MED INC,CL A,379577208,15558491,196918
GLOO HOLDINGS INC,CL A,379598105,334880,73600
GODADDY INC,CL A,380237107,47643144,561300
GOGO INC,COM,38046C109,334099,107774
GOGORO INC,ORDINARY SHARES,G9491K139,112133,28138
GOLAR LNG LTD,SHS,G9456A100,43056377,863892
GOLD FIELDS LTD,SPONSORED ADR,38059T106,51909986,1545400
GOLDMAN SACHS ETF TR,ACTIVEBETA US LG,381430503,2270240,16000
GOLDMAN SACHS ETF TR,NASDA 100 ETF,38149W630,6097068,102800
GOLDMAN SACHS ETF TR,S&P 500 PREMIUM,38149W622,3934356,70800
GOLDMAN SACHS PHYSICAL GOLD,UNIT,38150K103,1626327,41100
GOLDMINING INC,COM,38149E101,2811361,3099626
GOLD ROYALTY CORP,COMMON SHARES,38071H106,7705845,2791973
GOODRX HLDGS INC,COM CL A,38246G108,9347725,3245738
GOOD TIMES RESTAURANTS INC,COM NEW,382140879,340411,241426
GOPRO INC,CL A,38268T103,1576334,2026136
GORMAN RUPP CO,COM,383082104,6908022,75300
GOSSAMER BIO INC,COM,38341P102,1914281,11629896
GRABAGUN DIGITAL HLDGS INC,COMMON STOCK,38387Q105,306204,134300
GRAB HOLDINGS LIMITED,CLASS A ORD,G4124C109,45497114,12068200
GRACO INC,COM,384109104,83821246,1108600
GRAFTECH INTL LTD SR NT,COM NEW,384313607,281086,47561
GRAHAM CORP,COM,384556106,25719601,207768
GRAHAM HLDGS CO,COM CL B,384637104,10626620,9310
GRAIL INC,COM,384747101,628084,9200
GRAND CANYON ED INC,COM,38526M106,33488026,234002
GRANITE RIDGE RESOURCES INC,COM,387432107,328986,74600
GRANITESHARES ETF TR,2X LNG BABA DAL,38747R868,209799,15137
GRANITESHARES ETF TR,2X LONG NBIS DLY,38747R215,1091565,19100
GRANITESHARES ETF TR,2X SHOR NVDA NEW,38747R629,1058151,203100
GRANITESHARES ETF TR,2X SHOR TSLA NEW,38747R595,441630,63000
GRANITESHARES ETF TR,GRANITE 2X LONG,38747R751,2887975,34900
GRAN TIERRA ENERGY INC,COM,38500T200,6002250,960360
GRAYSCALE BITCOIN MINI TR ET,SHS NEW,389930207,3170052,122160
GREAT ELM GROUP INC,COM NEW,39037G109,1146192,525776
GREAT SOUTHN BANCORP INC,COM,390905107,13368905,170500
GREENBRIER COS INC,COM,393657101,6998628,142800
GREENE CNTY BANCORP INC,COM,394357107,1753398,52200
GREENFIRE RES LTD NEW,COM SHS,39525U107,1232830,218200
GREENIDGE GENERATION HLDGS I,CLASS A COM,39531G308,179537,100300
GREENLAND MINES LTD,COM,49876K103,118842,457086
GREENLIGHT CAP RE LTD,CLASS A,G4095J109,3547141,219230
GREEN PLAINS INC,COM,393222104,8689346,564977
GREENPOWER MTR CO INC,COM,39540E401,93363,55573
GREENTREE HOSPITALITY GROUP,SPONSORED ADS,39579V100,210127,185953
GREIF INC,CL B,397624206,2001756,21400
GRIDAI TECHNOLOGIES CORP,COM NEW,33749P507,826847,176300
GRID DYNAMICS HLDGS INC,CL A,39813G109,335120,59000
GRIFFON CORP,COM,398433102,49618485,508751
GRINDR INC,COM,39854F101,3680157,256100
GROUP 1 AUTOMOTIVE INC,COM,398905109,7127842,24480
GROUPON INC,COM NEW,399473206,6188545,257213
GROVE COLLABORATIVE HOLD INC,COM CL A,39957D201,75625,60500
GROWGENERATION CORP,COM,39986L109,2025581,1368636
GRUPO AEROPORTUARIO DEL CENT,SPON ADR,400501102,16036162,141800
GRUPO AEROPORTUARIO DEL SURE,SPON ADR SER B,40051E202,13096703,42702
GRUPO AEROPORTUNARIO DEL PAC,SPON ADS B,400506101,99061508,391300
GRUPO AVAL ACCIONES Y VALORE,SPONSORED ADS,40053W101,4351815,865172
GRUPO SIMEC SAB DE C V,ADR,400491106,6210516,206124
GSI TECHNOLOGY INC,COM,36241U106,1104625,142901
GUARDFORCE AI CO LTD,SHS NEW,G4236L138,171976,432100
GUARDIAN PHARMACY SVCS INC,CL A,40145W101,1875692,44798
GULFPORT ENERGY CORP,COMMON SHARES,402635502,12727500,75000
G WILLI FOOD INTL LTD,ORD,M52523103,13172054,396152
GXO LOGISTICS INCORPORATED,COMMON STOCK,36262G101,10652070,210100
H2O AMERICA,COM,784305104,3235699,53245
HACKETT GROUP INC,COM,404609109,8435484,783239
HAEMONETICS CORP MASS,COM,405024100,9750000,130000
HAGERTY INC,CL A COM,405166109,873355,73268
HAIN CELESTIAL GROUP INC,COM,405217100,140274,250400
HALLADOR ENERGY COMPANY,COM,40609P105,3823278,219855
HALLIBURTON CO,COM,406216101,20916425,616095
HALOZYME THERAPEUTICS INC,COM,40637H109,37539153,479611
HAMILTON BEACH BRANDS HLDG C,COM CL A,40701T104,520478,22600
HAMILTON LANE INC,CL A,407497106,31644806,401431
HANCOCK WHITNEY CORPORATION,COM,410120109,1656767,22173
HANMI FINL CORP,COM NEW,410495204,3802399,117358
HANOVER BANCORP INC,COM,410709109,718256,30800
HANOVER INS GROUP INC,COM,410867105,15052636,70300
HARLEY DAVIDSON INC,COM,412822108,863438,35300
HARMONIC INC,COM,413160102,28159893,1724427
HARMONY BIOSCIENCES HLDGS IN,COM,413197104,43523458,1195371
HARMONY GOLD MNG LTD,SPONSORED ADR,413216300,12226437,803842
HARROW INC,COM,415858109,1894884,44617
HARTE HANKS INC,COM,416196202,46224,21400
HARTFORD INSURANCE GROUP INC,COM,416515104,32096344,242200
HARVARD BIOSCIENCE INC,COM,416906204,610861,99327
HASBRO INC,COM,418056107,20540133,248700
HAVERTY FURNITURE COS INC,COM,419596101,17353073,679713
HAWAIIAN ELEC INDS INC MTN B,COM,419870100,7200666,532200
HAWKINS INC,COM,420261109,4788770,33700
HAWTHORN BANCSHARES INC,COM,420476103,1388037,35319
HCA HEALTHCARE INC,COM,40412C101,7251954,18600
HCI GROUP INC,COM,40416E103,4158507,23729
HEALTHCARE RLTY TR,CL A COM,42226K105,51660856,2561272
HEALTH CATALYST INC,COM,42225T107,695039,349266
HEALTHPEAK PROPERTIES INC,COM,42250P103,18103715,845968
HEALTHSTREAM INC,COM,42222N103,11526750,423000
HEALTHY CHOICE WELLNESS CORP,CL A,42227T105,7256,37400
HEARTFLOW INC,COM,42238D107,11228418,382700
HECLA MINING COMPANY,COM,422704106,150155502,9731400
HEICO CORP NEW,CL A,422806208,15883903,61587
HEICO CORP NEW,COM,422806109,16072718,45124
HEIDMAR MARITIME HLDGS CORP,COM,Y3130D101,76032,59400
HELEN OF TROY LTD,COM,G4388N106,5953827,204810
HELIX ENERGY SOLUTIONS GRP I,COM,42330P107,7884590,902127
HELLO GROUP INC,ADS,423403104,41271118,7115710
HELMERICH & PAYNE INC,COM,423452101,4557408,139200
HENNESSY ADVISORS INC,COM,425885100,991533,97688
HERBALIFE LTD,COM SHS,G4412G101,66074384,5024668
HERITAGE FINL CORP WASH,COM,42722X106,3922902,132441
HERITAGE GLOBAL INC,COM,42727E103,302037,249617
HERITAGE INSURANCE HLDGS INC,COM,42727J102,3354670,128630
HERON THERAPEUTICS INC,COM,427746102,643145,1506900
HESS MIDSTREAM LP,CL A SHS,428103105,18713520,497700
HF FOODS GROUP INC,COM,40417F109,154818,109800
HIGHPEAK ENERGY INC,COM,43114Q105,222282,31800
HIGH TEMPLAR TECHNOLOGY LTD,SPON ADS,747798106,366625,143213
HIGH TIDE INC,COM NEW,42981E401,2051845,899932
HIGHWAY HLDGS LTD,ORD,G4481U106,115093,143866
HIGHWOODS PPTYS INC,COM,431284108,12368616,410100
HILLMAN SOLUTIONS CORP,COM,431636109,913942,108287
HILLTOP HLDGS INC,COM,432748101,8259520,212984
HIMAX TECHNOLOGIES INC,SPONSORED ADR,43289P106,42182868,2749861
HINGE HEALTH INC,CL A,433313103,63021900,759300
HIPPO HLDGS INC,COM NEW,433539202,2939153,104004
HIVE DIGITAL TECHNOLOGIES LT,COM NEW,433921103,6224036,1709900
HOLLEY INC,COM,43538H103,1905870,747400
HOMEBANCORP INC,COM,43689E107,3787306,55273
HOME BANCSHARES INC,COM,436893200,2419298,84739
HOMETRUST BANCSHARES INC,COM,437872104,21792700,436815
HONDA MOTOR CO LTD,ADR ECH CNV IN 3,438128308,2437189,89900
HOOKER FURNISHINGS CORPORATI,COM,439038100,574126,32200
HOPE BANCORP INC,COM,43940T109,8006986,585306
HORIZON BANCORP IND,COM,440407104,3106890,155500
HOST HOTELS & RESORTS INC,COM,44107P104,5863791,247313
HOULIHAN LOKEY INC,CL A,441593100,10193880,76000
HOVNANIAN ENTERPRISES INC,CL A NEW,442487401,22972869,161315
HOWARD HUGHES HOLDINGS INC,COM,44267T102,1622823,22700
HOWMET AEROSPACE INC,COM,443201108,44501169,165518
HOYNE BANCORP INC,COM,44326H107,545707,32599
HP INC,COM,40434L105,103137746,4700900
HSBC HLDGS PLC,SPON ADR NEW,404280406,39854311,419122
HUADI INTERNATIONAL GRP CO L,SHS,G4645E105,11681,12700
HUB GROUP INC,CL A,443320106,11125813,254072
HUBSPOT INC,COM,443573100,49697473,272300
HUDBAY MINERALS INC,COM,443628102,31429844,1331209
HUDSON PACIFIC PROPERTIES IN,COM,444097406,393421,25900
HUDSON TECHNOLOGIES INC,COM,444144109,8277740,1442115
HUMANA INC,COM,444859102,3416092,8600
HUNTINGTON BANCSHARES INC,COM,446150104,10887904,614095
HUNTINGTON INGALLS INDS INC,COM,446413106,28448020,101640
HURCO CO,COM,447324104,2768006,120900
HUT 8 CORP,COM,44812J104,34358164,297615
HUTCHMED CHINA LTD,SPONSORED ADS,44842L103,1400952,130200
HUYA INC,ADS REP SHS A,44852D108,4333170,1883987
H WORLD GROUP LTD,SPONSORED ADS,44332N106,37622470,901785
HYCROFT MINING HOLDING CORP,CL A NEW,44862P208,17084925,730125
HYDROFARM HLDGS GROUP INC,COM,44888K407,59788,70363
HYLIION HOLDINGS CORP,COMMON STOCK,449109107,1526009,292900
HYPERFINE INC,COM CL A,44916K106,1276879,945836
HYPERLIQUID STRATEGIES INC,COM,44916Y106,18700694,2376200
HYPERSCALE DATA INC,COM SHS,09175M804,15430,109669
HYSTER-YALE INC,CL A,449172105,1304232,37200
I3 VERTICALS INC,COM CL A,46571Y107,4085634,191275
I-80 GOLD CORP,COM,44955L106,3090167,2145949
IAMGOLD CORP,COM,450913108,55381630,3496315
IBEX LTD,SHS NEW,G4690M101,446530,14703
IBIO INC,COM NEW,451033708,354982,202847
IBOTTA INC,CLASS A COM SHS,451051106,7620515,223083
ICHOR HOLDINGS,SHS,G4740B105,33279792,296400
ICL GROUP LTD,SHS,M53213100,3341147,670913
ICON PUB LTD CO,SHS,G4705A100,781695,4500
IDAHO STRATEGIC RESOURCES,COM NEW,645827205,1979508,60443
IDEAL PWR INC,COM NEW,451622203,540041,100754
IDENTIV INC,COM NEW,45170X205,1301283,516382
IDEX CORP,COM,45167R104,42059509,185325
IDEXX LABS INC,COM,45168D104,57794689,109784
IDT CORP,CL B NEW,448947507,51123105,879008
IES HOLDINGS INC,COM,44951W106,78426424,106752
IGC PHARMA INC,COM NEW,45408X308,77957,286608
IHEARTMEDIA INC,COM CL A,45174J509,3235642,754229
IHS HOLDING LIMITED,ORD SHS,G4701H109,13593742,1649726
ILLINOIS TOOL WKS INC,COM,452308109,103092345,381160
ILLUMINA INC,COM,452327109,145348463,826642
IMAGENEBIO INC,COM,45175G207,512887,86930
IMAX CORP,COM,45245E109,3946140,99000
IMMERSION CORP,COM,452521107,145555,21500
IMMUCELL CORP,COM PAR,452525306,1719444,171089
IMMUNITYBIO INC,COM,45256X103,9012388,1029399
IMMUNOCORE HLDGS PLC,ADS,45258D105,3251200,102400
IMMUNOME INC,COM,45257U108,5320851,251102
IMMUNOVANT INC,COM,45258J102,28003604,726800
IMPERIAL OIL LTD,COM NEW,453038408,7796032,69595
IMPERIAL PETE INC,COM NEW,Y3894J187,2980572,646545
IN8BIO INC,COM NEW,45674E208,17061,12100
INCYTE CORP,COM,45337C102,398135284,3512132
INDEPENDENCE RLTY TR INC,COM,45378A106,178500,10695
INDEPENDENT BK CORP MASS,COM,453836108,4299943,51361
INDEPENDENT BK CORP MICH,COM NEW,453838609,22273225,617500
INDUSTRIAL LOGISTICS PPTYS T,COM SHS BEN INT,456237106,5165267,582330
INFINITY NAT RES INC,COM CL A,456941103,4980940,392200
INFLEQTION INC,COM SHS,45676K103,22393584,1681200
INFORMATION SVCS GROUP INC,COM,45675Y104,7657904,1863237
INFUSYSTEM HLDGS INC,COM,45685K102,5240037,543009
INGEVITY CORP,COM,45688C107,4719144,63200
INGRAM MICRO HLDG CORP,COM,457152106,696722,25400
INGREDION INC,COM,457187102,13266314,140073
INHIBRX BIOSCIENCES INC,COM,45720N103,5893545,62201
INMODE LTD,SHS,M5425M103,34961069,2391318
INMUNE BIO INC,COM,45782T105,48411,29700
INNODATA INC,COM NEW,457642205,22243194,294300
INNOSPEC INC,COM,45768S105,15057150,185000
INNOVAGE HLDG CORP,COM,45784A104,2958151,249633
INNOVATE CORP,COM NEW,45784J303,1063817,56980
INNOVATIVE SOLUTIONS & SUPPO,COM,45769N105,8822790,490155
INNOVIVA INC,COM,45781M101,91669642,4036532
INNOVIZ TECHNOLOGIES LTD,SHS,M5R635108,2914268,3828518
INNSUITES HOSPITALITY TR,SH BEN INT,457919108,138045,81203
INNVENTURE INC,COM,45784M108,1346374,265557
INOGEN INC,COM,45780L104,3074715,476700
INOVIO PHARMACEUTICALS INC,COM SHS,45773H409,397473,361339
INSEEGO CORP,COM NEW,45782B302,2011737,194747
INSIGHT ENTERPRISES INC,COM,45765U103,10422791,85573
INSPIREMD INC,COM,45779A846,78994,112832
INSPIRE MED SYS INC,COM,457730109,19003860,426000
INSTIL BIO INC,COM NEW,45783C200,386807,50300
INSULET CORP,COM,45784P101,30767137,202083
INTEGRA LIFESCIENCES HLDGS C,COM NEW,457985208,188580,10500
INTEGRA RES CORP,COM,45826T509,5661539,2494070
INTEL CORP,COM,458140100,1022356867,7321928
INTELLIA THERAPEUTICS INC,COM,45826J105,23688068,1400004
INTELLICHECK MOBILISA INC,COM NEW,45817G201,1230410,300100
INTELLIGENT PROTECTION MANAG,COM,69764K106,79344,45600
INTERACTIVE BROKERS GROUP IN,COM CL A,45841N107,5561856,63900
INTER & CO INC,CLASS A COM,G4R20B107,1249443,231840
INTERCONTINENTAL EXCHANGE IN,COM,45866F104,156262169,1269289
INTERCONTINENTAL HOTELS GROU,SPONSORED ADS,45857P806,15563488,89900
INTERCURE LTD,COM NEW,M549GJ111,63580,57800
INTERFACE INC,COM,458665304,8699837,242741
INTERGROUP CORP,COM,458685104,259308,5400
INTERLINK ELECTRS INC,COM NEW,458751302,303544,62976
INTERNATIONAL TOWER HILL MIN,COM,46050R102,92676,46571
INTEST CORP,COM,461147100,9125646,502237
INTL GNRL INSURANCE HLDNGS L,SHS,G4809J106,3603609,137700
INTREPID POTASH INC,COM,46121Y201,3353197,102294
INTUIT,COM,461202103,199677541,765048
INTUITIVE MACHINES INC,CLASS A COM,46125A100,79639248,3723200
INTUITIVE SURGICAL INC,COM NEW,46120E602,200601722,504430
INUVO INC,COM,46122W303,72376,57441
INVENTRUST PPTYS CORP,COM NEW,46124J201,8355958,236044
INVESCO ACTVELY MNGD ETC FD,OPTIMUM YIELD,46090F100,4111332,258900
INVESCO EXCHANGE TRADED FD T,AEROSPACE DEFN,46137V100,1678175,9500
INVESCO EXCHANGE TRADED FD T,RAFI US 1000 ETF,46137V613,297489,5506
INVESCO EXCHANGE TRADED FD T,S&P500 EQL WGT,46137V357,16447121,77300
INVESCO EXCHANGE TRADED FD T,S&P500 QUALITY,46137V241,1129404,12535
INVESCO EXCHANGE TRADED FD T,S&P 500 TOP 50,46137V233,3263559,53300
INVESCO EXCHANGE TRADED FD T,S&P MDCP MOMNTUM,46137V464,3802969,22352
INVESCO EXCHANGE TRADED FD T,WILDERHIL CLAN,46137V134,1641814,42087
INVESCO EXCH TRADED FD TR II,KBW BK ETF,46138E628,7535099,81040
INVESCO EXCH TRADED FD TR II,NASDAQ 100 ETF,46138G649,18481170,61000
INVESCO EXCH TRADED FD TR II,NATL AMT MUNI,46138E537,7580496,322300
INVESCO EXCH TRADED FD TR II,SOLAR ETF,46138G706,3013988,50955
INVESCO EXCH TRADED FD TR II,S&P 500 HB ETF,46138E370,373416,2400
INVESCO EXCH TRADED FD TR II,S&P 500 REVENUE,46138G698,1098736,8600
INVESCO MORTGAGE CAPITAL INC,COM,46131B704,2280730,288700
INVESCO QQQ TR,UNIT SER 1,46090E103,150667440,204600
INVESTAR HOLDING CORP,COM,46134L105,3944983,131675
INVESTMENT MANAGERS SER TR I,TRAD 2X APLD ETF,46092D665,233458,11300
INVESTMENT MANAGERS SER TR I,TRADR 2X LONG,46152A494,388772,16600
INVESTMENT MANAGERS SER TR I,TRADR 2X LONG,46152A452,420810,49800
INVESTMENT MANAGERS SER TR I,TRADR 2X LONG,46152A528,711630,7494
INVESTMENT MANAGERS SER TR I,TRADR 2X SHORT,46092D384,1089332,65504
INVESTMENT MANAGERS SER TR,TRADR 2X LONG,46143U542,518974,18800
INVESTORS TITLE CO NC,COM,461804106,494540,1807
INVITATION HOMES INC,COM,46187W107,31759259,1051283
INVIVYD INC,COM,00534A102,868329,995334
IONIS PHARMACEUTICALS INC,COM,462222100,44355936,559414
IPG PHOTONICS CORP,COM,44980X109,14336504,122200
IRADIMED CORP,COM,46266A109,37690011,394412
IRHYTHM HOLDINGS INC,COM,450056106,4579575,38500
IRIDEX CORP,COM,462684101,484958,423542
IRIDIUM COMMUNICATIONS INC,COM,46269C102,33447475,609799
IRON MTN INC DEL,COM,46284V101,972587,7700
IRONWOOD PHARMACEUTICALS INC,COM CL A,46333X108,33651481,7993226
ISHARES BITCOIN TRUST ETF,SHS BEN INT,46438F101,46737229,1403942
ISHARES ETHEREUM TR,SHS,46438R105,6527610,549000
ISHARES GOLD TR,ISHARES NEW,464285204,14754654,195400
ISHARES GOLD TRUST MICRO,SHS REPSTG UN TR,46436F103,3272458,81791
ISHARES INC,ESG AWR MSCI EM,46434G863,1509444,27600
ISHARES INC,MSCI BRAZIL ETF,464286400,10729742,311007
ISHARES INC,MSCI EMERG MRKT,464286533,1987392,26400
ISHARES INC,MSCI GBL ETF NEW,46434G848,895510,15400
ISHARES INC,MSCI GBL GOLD MN,46434G855,342251,5298
ISHARES INC,MSCI JAPAN ETF,46434G822,2343968,25131
ISHARES INC,MSCI STH KOR ETF,464286772,6186418,30641
ISHARES INC,MSCI SWITZERLAND,464286749,414810,6600
ISHARES INC,MSCI WORLD ETF,464286392,5714448,28200
ISHARES SILVER TR,ISHARES,46428Q109,28761513,537900
ISHARES TR,20 YR TR BD ETF,464287432,13921052,161086
ISHARES TR,3 7 YR TREAS BD,464288661,8867475,75500
ISHARES TR,7-10 YR TRSY BD,464287440,4076724,43108
ISHARES TR,ASIA 50 ETF,464288430,623304,4400
ISHARES TR,CALIF MUN BD ETF,464288356,6402248,111073
ISHARES TR,CONV BD ETF,46435G102,1789578,14700
ISHARES TR,CORE 60 BALA ETF,464289867,924350,13300
ISHARES TR,CORE DIV GRWTH,46434V621,5055193,66700
ISHARES TR,CORE HIGH DV ETF,46429B663,630430,23000
ISHARES TR,CORE INTL AGGR,46435G672,5580978,110296
ISHARES TR,CORE MSCI EAFE,46432F842,1612886,16700
ISHARES TR,CORE S&P500 ETF,464287200,14213932,18980
ISHARES TR,CORE S&P TTL STK,464287150,7523566,45800
ISHARES TR,CORE S&P US VLU,464287663,2698675,24500
ISHARES TR,CORE UNIVRSL USD,46434V613,4038125,87500
ISHARES TR,CORE US AGGBD ET,464287226,16796807,169699
ISHARES TR,CRE U S REIT ETF,464288521,3071253,46219
ISHARES TR,EAFE GRWTH ETF,464288885,236398,1900
ISHARES TR,EAFE SML CP ETF,464288273,5643722,68600
ISHARES TR,ESG AWR MSCI USA,46435G425,2978794,18200
ISHARES TR,ESG MSCI KLD ETF,464288570,783145,5500
ISHARES TR,EXPANDED TECH,464287515,2799540,30900
ISHARES TR,EXPND TEC SC ETF,464287549,2342138,14318
ISHARES TR,FALN ANGLS USD,46435G474,228816,8400
ISHARES TR,FUTU AI TECH ETF,46435U556,1279488,16800
ISHARES TR,GLOBAL 100 ETF,464287572,1079140,7900
ISHARES TR,GLOBAL REIT ETF,46434V647,1817396,65800
ISHARES TR,IBOXX HI YD ETF,464288513,13682867,171100
ISHARES TR,IBOXX INV CP ETF,464287242,70262894,644200
ISHARES TR,ISHARES BIOTECH,464287556,4203199,22100
ISHARES TR,ISHS 1-5YR INVS,464288646,14778100,281971
ISHARES TR,ISHS 5-10YR INVT,464288638,1797146,33800
ISHARES TR,JPMORGAN USD EMG,464288281,9277528,96200
ISHARES TR,MBS ETF,464288588,8883746,93988
ISHARES TR,MICRO-CAP ETF,464288869,1097019,5484
ISHARES TR,MSCI ACWI ETF,464288257,800547,5100
ISHARES TR,MSCI EAFE ETF,464287465,3448816,33200
ISHARES TR,MSCI EMG MKT ETF,464287234,1929162,28200
ISHARES TR,MSCI USA QLT FCT,46432F339,9084402,41400
ISHARES TR,NATIONAL MUN ETF,464288414,108107088,1004526
ISHARES TR,PFD AND INCM SEC,464288687,3823446,125400
ISHARES TR,RUS 1000 ETF,464287622,17461080,42640
ISHARES TR,RUS 1000 GRW ETF,464287614,21124794,170128
ISHARES TR,RUS 2000 VAL ETF,464287630,361883,1636
ISHARES TR,RUSEL 2500 ETF,46435G268,322996,3525
ISHARES TR,RUS MD CP GR ETF,464287481,4835776,33029
ISHARES TR,RUS MDCP VAL ETF,464287473,888840,5400
ISHARES TR,RUS MID CAP ETF,464287499,1632736,14800
ISHARES TR,RUSSELL 3000 ETF,464287689,5764928,13520
ISHARES TR,RUS TP200 GR ETF,464289438,2952699,10160
ISHARES TR,S&P 100 ETF,464287101,3907492,10680
ISHARES TR,S&P 500 GRWT ETF,464287309,3438250,25000
ISHARES TR,S&P 500 VAL ETF,464287408,5976219,26320
ISHARES TR,S&P MC 400VL ETF,464287705,413644,2800
ISHARES TR,SP SMCP600VL ETF,464287879,541253,3960
ISHARES TR,TIPS BD ETF,464287176,29195924,266800
ISHARES TR,US BR DEL SE ETF,464288794,403259,2300
ISHARES TR,USD INV GRDE ETF,464288620,620609,12100
ISHARES TR,US HLTHCARE ETF,464287762,998449,14900
ISHARES TR,US HOME CONS ETF,464288752,682986,6537
ISHARES TR,U.S. MED DVC ETF,464288810,2050515,41500
ISHARES TR,U.S. REAL ES ETF,464287739,31431650,307400
ISHARES TR,US TREAS BD ETF,46429B267,9164394,402300
ISHARES TR,US TRSPRTION,464287192,2932150,33800
ISPIRE TECHNOLOGY INC,COM,46501C100,14560,13000
ITONIC HOLDINGS LTD,ORD SHS CL A,G71399102,13268,44080
ITRON INC,COM,465741106,30905141,357161
ITT INC,COM,45073V108,49281792,249200
ITURAN LOCATION AND CONTROL,SHS,M6158M104,51449733,843300
IVANHOE ELECTRIC INC,COM,46578C108,6459842,672200
IZEA WORLDWIDE INC,COM NEW,46604H204,374588,101240
JACKSON FINANCIAL INC,COM CL A,46817M107,26652117,260300
JACOBS SOLUTIONS INC,COM,46982L108,34763400,275900
JADE BIOSCIENCES INC,COM NEW,008064206,1635192,73591
JAKKS PAC INC,COM NEW,47012E403,2402915,103218
JAMES HARDIE INDS PLC,ORD SHS,G4253H101,55521444,2120758
JANUS DETROIT STR TR,HENDERSON MTG,47103U852,2973074,66083
JANUS INTERNATIONAL GROUP IN,COMMON STOCK,47103N106,1785169,321652
JANUS LIVING INC,CL A-1,471024109,554682,19300
JASPER THERAPEUTICS INC,COM NEW,471871202,100156,237900
JAZZ PHARMACEUTICALS PLC,SHS USD,G50871105,135442731,562073
JBG SMITH PPTYS,COM,46590V100,771642,52600
JE CLEANTECH HOLDINGS LIMITE,ORD SHS NEW,G50875205,35827,25230
JEFFERSON CAPITAL INC,COM,47248R103,1929516,99102
JELD-WEN HLDG INC,COM,47580P103,1025699,683799
JERASH HLDGS US INC,COM,47632P101,1434736,298282
JETBLUE AIRWAYS CORP,COM,477143101,37097630,6474281
JEWETT CAMERON TRADING LTD,COM NEW,47733C207,228758,94528
JFROG LTD,ORD SHS,M6191J100,131344138,1445248
JIAYIN GROUP INC,SPONSORED ADS,47737C104,246458,86174
JINKOSOLAR HLDG CO LTD,SPONSORED ADR,47759T100,836640,49800
J JILL INC,COM,46620W201,5329146,335800
J-LONG GROUP LTD,SHS CL A,G5191U120,83354,14200
JOBY AVIATION INC,COMMON STOCK,G65163100,9850356,1104300
JOHN MARSHALL BANCORP INC,COM,47805L101,2260660,103700
JOHNSON CONTROLS INTERNATION,SHS,G51502105,76787234,525544
JOHNSON OUTDOORS INC,CL A,479167108,3080076,66900
JOINT CORP,COM,47973J102,1927017,219478
JONES LANG LASALLE INC,COM,48020Q107,30377890,98009
JOURNEY MED CORP,COM,48115J109,1626276,229700
JPMORGAN CHASE & CO,COM,46625H100,126245282,385678
J P MORGAN EXCHANGE TRADED F,ACTIVE BOND ETF,46654Q716,732950,13700
J P MORGAN EXCHANGE TRADED F,ACTIVE VALUE ETF,46641Q167,929097,11700
J P MORGAN EXCHANGE TRADED F,BETABUILDRS US,46641Q399,1306784,9700
J P MORGAN EXCHANGE TRADED F,INCOME ETF,46641Q159,6087257,132188
J P MORGAN EXCHANGE TRADED F,MUNICIPAL ETF,46641Q647,11391651,224887
J P MORGAN EXCHANGE TRADED F,NASDAQ EQT PREM,46654Q203,7276864,118400
J P MORGAN EXCHANGE TRADED F,U S TEC LEA ETF,46654Q732,1126671,10100
JYONG BIOTECH LTD,SHS,G83116106,47403,22900
KAISER ALUMINIUM CORPORATION,COM PAR $0.01,483007704,3834348,19600
KALARIS THERAPEUTICS INC,COM,482929106,607859,149351
KALTURA INC,COM,483467106,919360,707200
KAMADA LTD,SHS,M6240T109,5449348,742418
KANDI TECHNOLOGIES GROUP INC,USD ORD SHS,G5214E103,25775,36100
KANZHUN LIMITED,SPONSORED ADS,48553T106,51215740,3979467
KARAT PACKAGING INC,COM,48563L101,1007648,30115
KARMAN HLDGS INC,COMMON STOCK,485924104,3903744,78200
KAROOOOO LTD,ORD SHS,Y4600W108,2862238,57987
KARTOON STUDIOS INC.,COM NEW,37229T509,419094,590273
KARYOPHARM THERAPEUTICS INC,COM NEW,48576U205,1057251,108214
KATAPULT HOLDINGS INC,COM NEW,485859201,108384,16397
KAYNE ANDERSON BDC INC,COM SHS,48662X105,3393716,250829
KBR INC,COM,48242W106,19150338,554600
KEARNY FINL CORP MD,COM,48716P108,23458236,2479729
KE HLDGS INC,SPONSORED ADS,482497104,63975924,4403023
KELLY SVCS INC,CL A,488152208,1474926,120108
KEMPER CORP,COM,488401100,8967166,332610
KENNAMETAL INC,COM,489170100,1829610,52200
KENON HLDGS LTD,SHS,Y46717107,1972370,29500
KENVUE INC,COM,49177J102,172464157,9024812
KEROS THERAPEUTICS INC,COM,492327101,3842220,359086
KEWAUNEE SCIENTIFIC CORP,COM,492854104,3385447,95311
KEY TRONIC CORP,COM,493144109,358897,86900
KFORCE INC,COM,493732101,4173487,88949
KIMBALL ELECTRONICS INC,COM,49428J109,625459,24432
KIMBERLY-CLARK CORP,COM,494368103,164611092,1499600
KIMCO REALTY CORP,COM,49446R109,28785838,1135536
KINDER MORGAN INC DEL,COM,49456B101,42009571,1314031
KINETIK HOLDINGS INC,COM NEW CL A,02215L209,5128874,106100
KINGSTONE COS INC,COM,496719105,7038988,369889
KINGSWAY CORP,COM NEW,496904202,3155332,302815
KINIKSA PHARMACEUTICALS INTL,ORD SHS CL A,G52694109,4353524,68077
KINROSS GOLD CORP,COM,496902404,584529171,24747213
KINSALE CAP GROUP INC,COM,49714P108,1846936,5600
KIORA PHARMACEUTICALS INC,COM,49721T507,78437,29824
KLARNA GROUP PLC,SHS,G5279N105,21146752,1044800
KLAVIYO INC,COM SER A,49845K101,23559684,1560244
KLX ENERGY SERVICES HOLDINGS,COM NEW,48253L205,396288,153600
KNOT OFFSHORE PARTNERS LP,COM UNITS,Y48125101,12402894,1242775
KNOWLES CORP,COM,49926D109,817156,19700
KODIAK GAS SVCS INC,COM,50012A108,23074076,307122
KODIAK SCIENCES INC,COM,50015M109,7371232,189200
KOPIN CORP,COM,500600101,1145984,255800
KOREA ELEC PWR CORP,SPONSORED ADR,500631106,2233660,184600
KORE GROUP HLDGS INC,COM NEW,50066V305,570792,61841
KORN FERRY,COM NEW,500643200,12790018,192100
KORNIT DIGITAL LTD,SHS,M6372Q113,2103091,129421
KORRO BIO INC,COM,500946108,1456706,110524
KORU MEDICAL SYSTEMS INC,COM,759910102,692580,164900
KOSMOS ENERGY LTD,COM,500688106,14788289,7008668
KRISPY KREME INC,COM,50101L106,980355,277721
KRONOS WORLDWIDE INC,COM,50105F105,3526646,557132
KRYSTAL BIOTECH INC,COM,501147102,22181266,59680
KT CORP,SPONSORED ADR,48268K101,1033223,59793
KURA ONCOLOGY INC,COM,50127T109,18251502,1663765
KVH INDS INC,COM,482738101,2815580,284115
KYIVSTAR GROUP LTD,ORD SHS,G5331N101,821436,50800
KYNTRA BIO INC,COM NEW,31572Q881,204462,27081
KYVERNA THERAPEUTICS INC,COM,501976104,2975040,333899
L3HARRIS TECHNOLOGIES INC,COM,502431109,16267228,55980
LADDER CAP CORP,CL A,505743104,4213417,423459
LAIRD SUPERFOOD INC,COM STK,50736T102,609120,129600
LAKEFRONT BIOTHERAPEUTICS NV,SPON ADR,36315X101,12225844,407800
LAKELAND FINL CORP,COM,511656100,4503585,72968
LAKELAND INDS INC,COM,511795106,1954153,182802
LAKE SHORE BANCORP INC,COM,510704109,1169066,65641
LAMAR ADVERTISING CO,CL A,512816109,15241118,97712
LAM RESEARCH CORP,COM NEW,512807306,13693228,31600
LANDMARK BANCORP INC,COM,51504L107,1917932,62453
LANDSTAR SYS INC,COM,515098101,22797907,110236
LANTERN PHARMA INC,COM,51654W101,1213633,291039
LANTRONIX INC,COM NEW,516548203,4497541,764888
LARGO INC,COM,517097101,638639,1007000
LARIMAR THERAPEUTICS INC,COM,517125100,907201,297443
LASER PHOTONICS CORP,COM,51807Q100,567691,344055
LAS VEGAS SANDS CORP,COM,517834107,76952309,1665995
LATAM AIRLINES GROUP SA,SPONSORED ADR,51817R205,53515168,918400
LATHAM GROUP INC,COM,51819L107,2930263,452900
LAUDER ESTEE COS INC,CL A,518439104,35472235,449300
LAUREATE ED INC,COMMON STOCK,518613203,17281056,475800
LA Z BOY INC,COM,505336107,14643800,365000
LCNB CORP,COM,50181P100,2688033,152816
LEGACY ED INC,COM,52474R207,1064280,90500
LEGALZOOM COM INC,COM,52466B103,24185872,3945493
LEGENCE CORP,CL A,52476L109,100605492,1180400
LEGEND BIOTECH CORP,SPONSORED ADS,52490G102,28885776,1000200
LEGGETT & PLATT INC,COM,524660107,3877181,331100
LEGG MASON ETF INVT,FRANKLIN INTL LW,52468L505,1489470,36700
LEMAITRE VASCULAR INC,COM,525558201,16265412,169502
LENDINGTREE INC,COM,52603B107,7276847,164300
LENNAR CORP,CL A,526057104,29150358,322139
LENNAR CORP,CL B,526057302,288485,3252
LENZ THERAPEUTICS INC,COM,52635N103,401167,70628
LEONABIO INC,COM,04746L203,711527,77424
LEONARDO DRS INC,COM,52661A108,3601092,84394
LESAKA TECHNOLOGIES INC,COM NEW,64107N206,835457,168100
LESLIES INC,COM,527064208,290828,28653
LEVI STRAUSS & CO NEW,CL A COM STK,52736R102,25103130,1011000
LEXARIA BIOSCIENCE CORP,COM NEW,52886N406,9240,16500
LEXEO THERAPEUTICS INC,COM,52886X107,1165449,250365
LEXICON PHARMACEUTICALS INC,COM NEW,528872302,2704800,1127000
LEXINFINTECH HLDGS LTD,ADR,528877103,520277,264100
LG DISPLAY CO LTD,SPONS ADR REP,50186V102,2175214,559181
LGL GROUP INC,COM,50186A108,1171204,169494
LI AUTO INC,SPONSORED ADS,50202M102,76506516,6516739
LIBERTY BROADBAND CORP,COM SER C,530307305,2669947,80275
LIBERTY CAP CORP,SER C GCI GROUP,36164V800,4510352,209200
LIBERTY GLOBAL LTD,COM CL A,G61188101,54116129,4759554
LIBERTY GLOBAL LTD,COM CL C,G61188127,25468465,2315315
LIBERTY LATIN AMERICA LTD,COM CL A,G9001E102,4504080,574500
LIBERTY LATIN AMERICA LTD,COM CL C,G9001E128,5102450,655000
LIBERTY LIVE HOLDINGS INC,COM SHS SER C,530909308,3021304,28600
LIBERTY MEDIA CORP DEL,COM LBTY ONE S A,531229771,22709802,259422
LIBERTY MEDIA CORP DEL,COM LBTY ONE S C,531229755,38577272,405479
LIFECORE BIOMEDICAL INC,COM,514766104,550510,104859
LIFEMD INC,COM,53216B104,4458438,1079525
LIFESTANCE HEALTH GROUP INC,COM,53228F101,10281707,960010
LIFETIME BRANDS INC,COM,53222Q103,1219372,142951
LIFEVANTAGE CORP,COM NEW,53222K205,4177168,669418
LIFEWARD LTD,SHS,M8216Q309,86765,11327
LIFEWAY FOODS INC,COM,531914109,11254783,377171
LIFEZONE METALS LIMITED,ORD SHS,G5568L109,1421034,366246
LIGHTBRIDGE CORP,COM,53224K302,2974536,338400
LIGHTINTHEBOX HLDG CO LTD,SPONSORED ADR,53225G201,319877,108433
LIGHTPATH TECHNOLOGIES INC,COM CL A,532257805,10982900,671737
LIGHTSPEED COMMERCE INC,SUB VTG SHS,53229C107,4975229,474283
LIGHTWAVE LOGIC INC,COM,532275104,125222,13237
LIMBACH HLDGS INC,COM,53263P105,5988367,77771
LINCOLN EDL SVCS CORP,COM,533535100,10662882,213685
LINCOLN ELEC HLDGS INC,COM,533900106,13620132,51298
LINDBLAD EXPEDITIONS HLDGS I,COM,535219109,251280,8898
LINDE PLC,SHS,G54950103,2646594,5100
LINEAGE CELL THERAPEUTICS IN,COM,53566P109,1761726,1344829
LINEAGE INC,COM,53566V106,1768925,40900
LIONSGATE STUDIOS CORP,COM,53626N102,342944,22400
LIPOCINE INC NEW,COM NEW,53630X203,177175,69209
LIQUIDIA CORPORATION,COM NEW,53635D202,18525505,232353
LIQUIDITY SVCS INC,COM,53635B107,56332291,1439987
LITE STRATEGY INC,COM,55279B301,1150556,1247350
LIVANOVA PLC,SHS,G5509L101,9324882,113400
LIVEONE INC,COM NEW,53814X300,410227,64098
LIVEPERSON INC,COM,538146309,26811,14111
LIVERAMP HLDGS INC,COM,53815P108,12172738,323399
LIVE VENTURES INC,COM NEW,538142308,263987,26399
LIVEWIRE GROUP INC,COM,53838J105,21501,19197
LOANDEPOT INC,COM CL A,53946R106,629500,503600
LOAR HOLDINGS INC,COM SHS,53947R105,1757298,21800
LOCKHEED MARTIN CORP,COM,539830109,152083999,298520
LOEWS CORP,COM,540424108,15883363,140300
LOGITECH INTL S A,SHS,H50430232,171031300,1818708
LONGEVERON INC,CL A NEW,54303L203,13938,19827
LOOP INDS INC,COM,543518104,145056,151100
LPL FINL HLDGS INC,COM,50212V100,42719589,151660
LSB INDS INC,COM,502160104,18900269,1748406
LSI INDS INC OHIO,COM,50216C108,16057563,604122
LUCID DIAGNOSTICS INC,COM,54948X109,76291,71300
LULULEMON ATHLETICA INC,COM,550021109,43142228,377844
LULUS FASHION LOUNGE HOLDING,COM NEW,55003A207,154803,18764
LUMEN TECHNOLOGIES INC,COM,550241103,70432282,9170870
LUMENTUM HLDGS INC,COM,55024U109,171303098,199640
LUXFER HLDGS PLC,SHS,G5698W116,515186,28558
LXP INDUSTRIAL TRUST,COM,529043408,13091547,242976
LYELL IMMUNOPHARMA INC,COM NEW,55083R203,1829169,130190
LYFT INC,CL A COM,55087P104,119643219,8189132
MAASE INC.,SHS NEW CL A,G4453R115,345800,26600
MACERICH CO,COM,554382101,19207048,762487
MACROGENICS INC,COM,556099109,12163305,2632750
MACYS INC,COM,55616P104,10617847,450864
MADISON SQUARE GARDEN ENTMT,COM CL A,558256103,5727012,70800
MADISON SQUARE GRDN SPRT COR,CL A,55825T103,84699835,210780
MADRIGAL PHARMACEUTICALS INC,COM,558868105,24668557,45942
MAGNACHIP SEMICONDUCTOR CORP,COM,55933J203,3129368,661600
MAGNOLIA OIL & GAS CORP,CL A,559663109,33174753,1296902
MAGYAR BANCORP INC,COM,55977T208,401106,22986
MAIA BIOTECHNOLOGY INC,COM,552641102,598608,415700
MAINSTREET BANCSHARES INC,COM,56064Y100,271590,11000
MALIBU BOATS INC,COM CL A,56117J100,2003377,73036
MAMAS CREATIONS INC,COM,56146T103,5647740,316400
MAMMOTH ENERGY SVCS INC,COM,56155L108,949910,292280
MANCHESTER UTD PLC NEW,ORD CL A,G5784H106,1223178,53344
MANHATTAN ASSOCIATES INC,COM,562750109,62489830,448760
MANHATTAN BRDG CAP INC,COM,562803106,843559,186628
MANNATECH INC,COM NEW,563771203,156706,30078
MANNKIND CORP,COM NEW,56400P706,117989,27697
MANULIFE FINL CORP,COM,56501R106,33567558,828624
MAPLEBEAR INC,COM,565394103,68754757,1452054
MAPLIGHT THERAPEUTICS INC,COM,56565P103,248622,6937
MARA HOLDINGS INC,COM,565788106,15444819,1111938
MARAVAI LIFESCIENCES HLDGS I,COM CL A,56600D107,28744504,4606491
MARCHEX INC,CL B,56624R108,2538107,1576464
MARCUS CORP DEL,COM,566330106,3678270,156789
MARCUS & MILLICHAP INC,COM,566324109,6239392,200173
MAREX GROUP PLC,ORD,G5S37H101,10976303,180087
MARINEMAX INC,COM,567908108,446764,12200
MARKEL GROUP INC,COM,570535104,49413106,25301
MARKER THERAPEUTICS INC,COM NEW,57055L206,366652,249423
MARKETAXESS HLDGS INC,COM,57060D108,22698000,200000
MARKETWISE INC,COM NEW CL A,57064P206,460254,25799
MARQETA INC,CLASS A COM,57142B104,50423300,12419532
MARRIOTT INTL INC NEW,CL A,571903202,15452121,41696
MARTIN MARIETTA MATLS INC,COM,573284106,18393270,31894
MARVELL TECHNOLOGY INC,COM,573874104,150561053,505425
MARZETTI COMPANY,COM,513847103,37396533,327580
MASCO CORP,COM,574599106,55648943,683900
MASTECH HLDGS INC,COM,57633B100,726829,94027
MASTERBRAND INC,COMMON STOCK,57638P104,9063236,880781
MASTERCRAFT BOAT HLDGS INC,COM,57637H103,3545809,137328
MATCH GROUP INC NEW,COM,57667L107,136563505,3589054
MATERIALISE NV,SPONSORED ADS,57667T100,2200766,296200
MATINAS BIOPHARMA HLDGS INC,COM NEW,576810303,43476,71040
MATIV HOLDINGS INC,COM,808541106,365631,48300
MATRIX SVC CO,COM,576853105,3871058,282559
MAUI LD & PINEAPPLE INC,COM,577345101,1645521,92549
MAXCYTE INC,COM,57777K106,2350284,1910800
MAXLINEAR INC,COM,57776J100,55886759,436513
MAYVILLE ENGR CO INC,COM,578605107,1048880,28000
MBIA INC,COM,55262C100,2027016,310892
MCCORMICK & CO INC,COM VTG,579780107,227250,4500
MCDONALDS CORP,COM,580135101,94915615,351136
MCEWEN INC.,COM NEW,58039P305,471380,26000
MCGRAW HILL INC,COM,580907103,659671,69659
MCKESSON CORP,COM,58155Q103,272836582,361086
MDU RES GROUP INC,COM,552690109,20301152,957150
MDXHEALTH SA,SHS NEW,B5950S113,133479,325084
MECHANICS BANCORP,CL A,43785V102,6660383,418892
MEDIAALPHA INC,CL A,58450V104,7220296,574407
MEDICINOVA INC,COM NEW,58468P206,271128,205400
MEDIFAST INC,COM,58470H101,8261052,778610
MEDPACE HLDGS INC,COM,58506Q109,220091249,415588
MEDTRONIC PLC,SHS,G5960L103,247812378,3167741
MEGA MATRIX INC,CL A ORD SHS,G6005C108,10554,35776
MELCO RESORTS AND ENTMNT LTD,ADR,585464100,17440812,3309452
MERCADOLIBRE,INC               COM,58733R102,197728961,116490
MERCANTILE BK CORP,COM,587376104,25644518,446613
MERCER INTL INC,COM,588056101,41257,62511
MERCURY GENL CORP NEW,COM,589400100,83342935,781682
MEREO BIOPHARMA GROUP PLC,SPON ADS,589492107,16552,52100
MERIT MED SYS INC,COM,589889104,8696068,125412
MESA LABS INC,COM,59064R109,2876995,28900
METAGENOMI THERAPEUTICS INC,COM,59102M104,883456,742400
METALLA RTY & STREAMING LTD,COM NEW,59124U605,2731374,358919
METALLUS INC,COM,887399103,16926281,905633
METALPHA TECHN HOLDING LTD,SHS,G28365107,36114,37424
META PLATFORMS INC,CL A,30303M102,1139611745,2023153
METHANEX CORP,COM,59151K108,11702532,253576
METHODE ELECTRS INC,COM,591520200,1936837,102100
METROCITY BANKSHARES INC,COM,59165J105,2359732,65749
METROPOLITAN BK HLDG CORP,COM,591774104,1362888,13800
MFA FINL INC,COM,55272X607,5499317,567525
MGE ENERGY INC,COM,55277P104,6629202,81300
MGP INGREDIENTS INC NEW,COM,55303J106,414979,23686
MICROCHIP TECHNOLOGY INC.,COM,595017104,95391187,1045956
MICROCLOUD HOLOGRAM INC,SHS CL A NEW,G55032174,53316,34621
MICRON TECHNOLOGY INC,COM,595112103,244224678,211580
MICROSOFT CORP,COM,594918104,2242421,6010
MICROVISION INC DEL,COM NEW,594960304,13440,41100
MIDDLEBY CORP,COM,596278101,72359447,420670
MIDDLESEX WTR CO,COM,596680108,6223258,110813
MILESTONE SCIENTIFIC INC,COM NEW,59935P209,18071,56297
MILLERKNOLL INC,COM,600544100,14207076,694383
MILLICOM INTL CELLULAR S A,COM STK,L6388F110,42847070,472092
MILLROSE PPTYS INC,COM CL A,601137102,19251983,640665
MIMEDX GROUP INC,COM,602496101,9410285,2444230
MIND C T I LTD,ORD,M70240102,59691,57952
MINDWALK HOLDINGS CORP,COM,602687105,337140,213380
MINERALYS THERAPEUTICS INC,COM,603170101,10206534,378300
MINERVA NEUROSCIENCES INC,COM NEW,603380205,406815,73300
MINIMED GROUP INC,COM,60365F109,1320085,88300
MINISO GROUP HLDG LTD,SPONSORED ADS,66981J102,459582,38108
MIRUM PHARMACEUTICALS INC,COM,604749101,51766598,442185
MISSION PRODUCE INC,COM,60510V108,7243800,614402
MISTRAS GROUP INC,COM,60649T107,1794169,102700
MITEK SYS INC,COM NEW,606710200,2480016,123200
MIZUHO FINANCIAL GROUP INC,SPONSORED ADR,60687Y109,2264712,236400
MKS INC.,COM,55306N104,17971254,40403
MMTEC INC,SHS NEW,G6181K122,66750,26700
MNTN INC,CL A,55318A108,1974219,214589
MOBILEYE GLOBAL INC,COMMON CLASS A,60741F104,34465117,3560446
MODIV INDUSTRIAL INC,COM STK CL C,60784B101,622920,35800
MOELIS & CO,CL A,60786M105,22415770,342644
MOGU INC,SPON ADS,608012308,19801,11857
MOLINA HEALTHCARE INC,COM,60855R100,72051935,315050
MONARCH CASINO & RESORT INC,COM,609027107,13662171,103808
MONDAY COM LTD,SHS,M7S64H106,112703267,1556890
MONEYHERO LIMITED,ORD SHS,G6202B101,77312,88711
MONOLITHIC PWR SYS INC,COM,609839105,87179916,63066
MONRO INC,COM,610236101,1773948,103679
MONSTER BEVERAGE CORP NEW,COM,61174X109,30450816,316800
MONTAUK RENEWABLES INC,COM,61218C103,569088,364800
MONTE ROSA THERAPEUTICS INC,COM,61225M102,2480500,102500
MOODYS CORP,COM,615369105,44748496,98800
MOOG INC,CL B,615394301,1896590,4440
MOONLAKE IMMUNOTHERAPEUTICS,CLASS A ORD,61559X104,12524428,643268
MORGAN STANLEY ETF TRUST,EATO VANC BD ETF,61774R841,836715,16500
MORNINGSTAR INC,COM,617700109,37252895,238770
MOTOROLA SOLUTIONS INC,COM NEW,620076307,127433813,306855
MOTORSPORT GAMES INC,CL A NEW,62011B201,227200,56800
MOVADO GROUP INC,COM,624580106,1167507,29700
MOVING IMAGE TECHNOLOGIES IN,COMMON STOCK,62464R109,58812,101400
MSC INDL DIRECT INC,CL A,553530106,6292455,52900
M-TRON INDS INC,COM,55380K109,9518896,96005
MUELLER INDS INC,COM,624756102,13546886,110200
MURPHY USA INC,COM,626755102,183313874,340182
MYERS INDS INC,COM,628464109,39119984,1107901
MYND AI INC,SPON ADS,628988107,6068,15844
MYOMO INC,COM NEW,62857J201,50440,48500
MYR GROUP INC,COM,55405W104,34647696,69240
N-ABLE INC,COMMON STOCK,62878D100,2857334,778565
NABORS INDUSTRIES LTD,SHS,G6359F137,3925367,46725
NACCO INDS INC,CL A,629579103,7398291,147818
NANOVIRICIDES INC,COM,630087302,177468,128600
NAPCO SEC TECHNOLOGIES INC,COM,630402105,15427476,406200
NASUS PHARMA LTD,ORD SHS,M7071P109,42700,12200
NATHANS FAMOUS INC,COM,632347100,16058490,158056
NATIONAL BANKSHARES INC VA,COM,634865109,2276801,62670
NATIONAL BEVERAGE CORP,COM,635017106,88576706,2838997
NATIONAL BK HLDGS CORP,CL A,633707104,31787577,715453
NATIONAL ENERGY SERVICES REU,SHS,G6375R107,7157430,239139
NATIONAL FUEL GAS CO,COM,636180101,19958785,258500
NATIONAL GRID PLC,SPONSORED ADR NE,636274409,156980475,1894298
NATIONAL HEALTHCARE CORP,COM,635906100,63348185,299717
NATIONAL HEALTH INVS INC,COM,63633D104,3973146,52100
NATIONAL PRESTO INDS INC,COM,637215104,15473762,123800
NATIONAL STORAGE AFFILIATES,COM SHS BEN IN,637870106,702626,15800
NATIONAL VISION HLDGS INC,COM,63845R107,9297791,489100
NATURAL ALTERNATIVES INTL IN,COM NEW,638842302,663122,277457
NATURAL GAS SVCS GROUP INC,COM,63886Q109,9238086,214142
NATURAL GROCERS BY VITAMIN,COM,63888U108,9147767,294899
NATURAL HEALTH TRENDS CORP,COM,63888P406,963016,544077
NATURES SUNSHINE PRODS INC,COM,639027101,11500982,527568
NAUTILUS BIOTECHNOLOGY INC,COM,63909J108,1291261,690514
NAVAN INC,CL A,639193101,2874759,125700
NAVIGATOR HLDGS LTD,SHS,Y62132108,9016696,483988
NB BANCORP INC,COM,63945M107,2777327,131440
NCR ATLEOS CORPORATION,COM SHS,63001N106,7219083,166300
NCS MULTISTAGE HLDGS INC,COM NEW,628877201,531205,12040
NELNET INC,CL A,64031N108,3733240,28000
NEOGEN CORP,COM,640491106,1062942,118236
NEONODE INC,COM PAR,64051M709,29329,31168
NEOS ETF TRUST,NASDAQ 100 HIGH,78433H675,4815792,84800
NEOS ETF TRUST,NEOS S&P 500 HI,78433H303,2505848,47200
NEOVOLTA INC,COM,640655106,830816,263751
NEPHROS INC,COM,640671400,276689,77504
NEPTUNE INS HLDGS INC,CL A,64073B103,5250137,166671
NERDWALLET INC,COM CL A,64082B102,4874750,527000
NERDY INC,CL A COM,64081V109,85197,93000
NETAPP INC,COM,64110D104,19009480,122832
NETEASE COM INC,SPONSORED ADS,64110W102,124524914,971788
NETFLIX INC.,COM,64110L106,484655614,6787884
NETGEAR INC,COM,64111Q104,5289709,226540
NET LEASE OFFICE PROPERTIES,COM,64110Y108,521997,46900
NET POWER INC,COM CL A,64107A105,591524,354206
NETSKOPE INC,CL A,64119N608,12756040,1166000
NETSOL TECHNOLOGIES INC,COM PAR $.001,64115A402,2105865,455815
NETWORK-1 TECHNOLOGIES INC,COM,64121N109,629666,428344
NEUMORA THERAPEUTICS INC.,COM,640979100,2145917,1262304
NEUPHORIA THERAPEUTICS INC,COM,64136E102,111435,25500
NEURAXIS INC,COM,64134X201,1238314,169400
NEUROCRINE BIOSCIENCES INC,COM,64125C109,393680402,2335897
NEUROGENE INC,COM,64135M105,641737,20405
NEUROONE MED TECHNOLOGIES CO,COM,64130M308,215417,70861
NEUROPACE INC,COM,641288105,1774897,111699
NEW ERA ENERGY & DIGITAL INC,COM,64428N109,3179792,498400
NEW FOUND GOLD CORP,COM,64440N103,685916,445400
NEW HORIZON AIRCRAFT LTD,COM,64550A107,887798,450659
NEWMARKET CORP,COM,651587107,7858596,9932
NEWMARK GROUP INC,CL A,65158N102,373897,24745
NEWMONT CORP,COM,651639106,188579924,2019057
NEW ORIENTAL ED & TECHNOLOGY,SPON ADR,647581206,131172399,2857164
NEW PAC METALS CORP,COM,64782A107,612535,152372
NEWS CORP NEW,CL A,65249B109,27814566,1120200
NEW YORK TIMES CO MTN BE,CL A,650111107,156388085,2234754
NEXA RES S A,COM,L67359106,7500586,612793
NEXGEN ENERGY LTD,COM,65340P106,11507445,1225500
NEXPOINT RESIDENTIAL TR INC,COM,65341D102,3093927,110814
NEXTCURE INC,COM NEW,65343E207,273923,171202
NEXTDOOR HOLDINGS INC,COM CL A,65345M108,5039400,2220000
NEXXEN INTL LTD,SHS NEW,M8T80P204,2275560,252000
NIAGEN BIOSCIENCE INC,COM NEW,171077407,2104073,659584
NI HLDGS INC,COM,65342T106,1460889,92991
NIKE INC,CL B,654106103,167081710,4070200
NIO INC,SPON ADS,62914V106,81774903,16161048
NIQ GLOBAL INTELLIGENCE PLC,ORDINARY SHARES,G63755105,529210,56600
NISOURCE INC,COM,65473P105,35534115,747300
NIU TECHNOLOGIES,ADS,65481N100,683400,340000
NKARTA INC,COM,65487U108,3332755,1177652
NLIGHT INC,COM,65487K100,17432848,250400
NLI HOLDINGS INC,COM NEW,629156407,1087148,182714
NN INC,COM,629337106,3467940,966000
NNN REIT INC,COM,637417106,20556954,441800
NOAH HLDGS LTD,SPON ADS,65487X102,1041507,104255
NOKIA CORP,SPONSORED ADR,654902204,32753526,2466380
NOMAD FOODS LTD,USD ORD SHS,G6564A105,28117049,2567767
NOMURA HLDGS INC,SPONSORED ADR,65535H208,17112545,1949037
NOODLES & CO,CL A NEW,65540B303,530426,35480
NORDIC AMERICAN TANKERS LIMI,COM,G65773106,1320221,238307
NORTECH SYS INC,COM,656553104,990316,62599
NORTH AMERN CONSTR GROUP LTD,COM,656811106,3285100,247000
NORTHEAST BK PORTLAND ME,COM,66405S100,4296225,32417
NORTHEAST CMNTY BANCORP INC,COM,664121100,4733138,170625
NORTHERN DYNASTY MINERALS LT,COM NEW,66510M204,8928286,4650149
NORTHERN TECHNOLOGIES INTL C,COM,665809109,1049259,122577
NORTHERN TR CORP,COM,665859104,34124444,196298
NORTHFIELD BANCORP INC DEL,COM,66611T108,23091470,1567649
NORTHPOINTE BANCSHARES INC.,COM SHS,66661N886,730758,38100
NORTHROP GRUMMAN CORP,COM,666807102,103583468,203380
NORTHWEST BANCSHARES INC,COM,667340103,3371099,222368
NORTHWESTERN ENERGY GROUP IN,COM NEW,668074305,1097648,15326
NORWOOD FINANCIAL CORP,COM,669549107,2107658,65557
NOUVEAU MONDE GRAPHITE INC,COM NEW,66979W842,1864319,1242879
NOVABRIDGE BIOSCIENCES,SPONSORED ADS,44975P103,1478541,758226
NOVAGOLD RESOURCES INC,COM NEW,66987E206,3896619,652700
NOVA LTD,COM,M7516K103,243555283,448586
NOVARTIS AG,SPONSORED ADR,66987V109,123500532,788033
NOVAVAX INC,COM NEW,670002401,4726796,501783
NOVOCURE LTD,ORD SHS,G6674U108,29571452,1951911
NOVO-NORDISK A S,ADR,670100205,145374263,3032421
NPK INTERNATIONAL INC,COM SHS,651718504,3585589,225367
NRC HEALTH,COM NEW,637372202,7018533,325384
NRX PHARMACEUTICALS INC,COM NEW,629444209,157874,38600
NSTS BANCORP INC,COM,6293JP109,419680,30500
NU HLDGS LTD,ORD SHS CL A,G6683N103,37782828,2828056
NU SKIN ENTERPRISES INC,CL A,67018T105,8488614,1607692
NUTANIX INC,CL A,67059N108,115103148,2258696
NUTRIEN LTD,COM,67077M108,307511,4885
NUVALENT INC,COM,670703107,34691150,280900
NUVATION BIO INC,COM CL A,67080N101,7645252,1345995
NUVEEN CHURCHILL DIRECT LEND,COM SHS,67090S108,782460,63000
NVE CORP,COM NEW,629445206,17849822,170730
NVIDIA CORPORATION,COM,67066G104,1418869170,7091256
NVR INC,COM,62944T105,38495710,5650
NYXOAH S A,SHS,B6S7WD106,56581,33480
OAK VY BANCORP OAKDALE CALIF,COM,671807105,2496219,73973
OCCIDENTAL PETE CORP,COM,674599105,55503640,1142754
OCEANEERING INTL INC,COM,675232102,1814972,44792
OCEANFIRST FINL CORP,COM,675234108,9277844,475056
OCTAVE SPECIALTY GROUP INC,COM NEW,023139884,731328,117200
OCULAR THERAPEUTIX INC,COM,67576A100,3719364,378754
OFG BANCORP,COM,67103X102,884928,18034
OHIO VY BANC CORP,COM,677719106,923973,21275
O-I GLASS INC,COM,67098H104,126153,13100
OIL DRI CORP AMER,COM,677864100,41670199,407692
OKYO PHARMA LTD,SHS NEW,G6724L116,16800,11200
OLAPLEX HLDGS INC,COM,679369108,12513610,6104200
OLD SECOND BANCORP INC DEL,COM,680277100,494874,21221
OLIN CORP,COM PAR $1,680665205,5618970,283500
OLLIES BARGAIN OUTLET HLDGS,COM,681116109,7772568,101100
OMADA HEALTH INC,COM,68170A108,4201230,191400
OMEGA FLEX INC,COM,682095104,1543760,49180
OMEGA HEALTHCARE INVS INC,COM,681936100,2902663,60878
OMNIAB INC,COM,68218J103,1476861,600350
OMNICELL COM,COM,68213N109,24756009,596243
ONCOLYTICS BIOTECH INC,COM NEW,68237V103,58903,62010
ONE AND ONE GREEN TECHNOLOGI,USD CL A ORD SHS,G6772F102,53732,26600
ONE GAS INC,COM,68235P108,8547063,110900
ONE LIBERTY PPTYS INC,COM,682406103,11953053,489478
ONESPAWORLD HOLDINGS LIMITED,COM,P73684113,23637671,837028
ONE STOP SYS INC,COM,68247W109,7414895,407860
ONKURE THERAPEUTICS INC,COM CL A,68277Q105,1635845,358738
ON SEMICONDUCTOR CORP,COM,682189105,23464450,248196
OOMA INC,COM,683416101,14914778,776003
OP BANCORP,COM,67109R109,1106262,73800
OPENDOOR TECHNOLOGIES INC,COM,683712103,41717999,9029870
OPENLANE INC,COM,48238T109,1583616,38400
OPEN LENDING CORP,COM,68373J104,2306454,741625
OPERA LTD,SPONSORED ADS,68373M107,3726632,187929
OPORTUN FINL CORP,COM,68376D104,292232,51179
OPPENHEIMER HLDGS INC,CL A NON VTG,683797104,3725351,35298
OPPFI INC,COM CL A,68386H103,5292769,533008
OPTICAL CABLE CORP,COM NEW,683827208,1507806,71903
OPTIMIZERX CORP,COM NEW,68401U204,959244,167700
OPTIMUMBANK HLDGS INC,COM,68401P403,905498,155051
OPTIMUM COMMUNICATIONS INC,CL A,02156K103,5766505,3976900
ORACLE CORP,COM,68389X105,245448,1669
ORAMED PHARMACEUTICALS INC,COM NEW,68403P203,884078,183800
ORANGE CNTY BANCORP INC,COM,68417L107,1805898,49100
ORASURE TECHNOLOGIES INC,COM,68554V108,8986467,2014903
ORCHESTRA BIOMED HLDGS INC,COM,68572M106,388350,90000
OREILLY AUTOMOTIVE INC,COM,67103H107,9909805,107610
ORGANIGRAM GLOBAL INC,COM,68617J100,1473031,1444148
ORGANOGENESIS HLDGS INC,COM,68621F102,2471585,1017113
ORIGIN AGRITECH LIMITED,SHS NEW,G67828205,11130,10500
ORION ENERGY SYS INC,COM NEW,686275207,2123711,181669
ORION GROUP HLDGS INC,COM,68628V308,2245134,133480
ORION PROPERTIES INC,COM,68629Y103,5392162,1865800
ORION S.A.,COM,L72967109,816126,123096
ORLA MNG LTD NEW,COM,68634K106,14204301,1450899
OR ROYALTIES INC.,COM SHS,68390D106,23858572,754302
ORRSTOWN FINL SVCS INC,COM,687380105,2758638,67564
ORTHOFIX MED INC,COM,68752M108,884670,96791
OSCAR HEALTH INC,CL A,687793109,93673940,3284500
OSISKO DEVELOPMENT CORP,COM NEW,68828E809,2133986,867474
OTIS WORLDWIDE CORP,COM,68902V107,113428720,1584200
OTTER TAIL CORP,COM,689648103,2097434,23310
OUSTER INC,COM NEW,68989M202,36005268,575900
OUTDOOR HOLDING CO,COM,00175J107,2389294,1047936
OUTFRONT MEDIA INC,COM NEW,69007J304,2736967,83546
OUTSET MED INC,COM NEW,690145206,187609,43428
OVID THERAPEUTICS INC,COM,690469101,283795,105500
OVINTIV INC,COM,69047Q102,8141164,154628
OWLET INC,CL A NEW,69120X206,1192433,207741
OXBRIDGE RE HLDGS LTD,SHS,G6856M106,36050,35000
P3 HEALTH PARTNERS INC,COM CL A NEW,744413204,163609,15149
PACIFIC BIOSCIENCES CALIF IN,COM,69404D108,1623216,966200
PACIRA BIOSCIENCES INC,COM,695127100,43986531,1733801
PAGERDUTY INC,COM,69553P100,4616927,478438
PAGSEGURO DIGITAL LTD,COM CL A,G68707101,935770,103400
PALANTIR TECHNOLOGIES INC,CL A,69608A108,883001728,7568370
PALISADE BIO INC,COM,696389402,2350832,1124800
PALMER SQUARE CAPITAL BDC IN,COM SHS,69702V107,782542,75100
PALVELLA THERAPEUTICS INC NE,COM,697947109,8140721,53270
PAMT CORP,COM,693149106,11825014,844041
PAN AMERN SILVER CORP,COM,697900108,101301409,2261697
PANGAEA LOGISTICS SOLUTION L,SHS,G6891L105,4643516,714387
PARAMOUNT GOLD NEV CORP,COM,69924M109,1282386,1124900
PARK AEROSPACE CORP,COM,70014A104,29257577,766708
PARK DENTAL PARTNERS INC,COM,700402100,400830,18600
PARKE BANCORP INC,COM,700885106,7505667,226347
PARK HOTELS & RESORTS INC,COM,700517105,16562091,1162252
PAR PAC HOLDINGS INC,COM NEW,69888T207,29383901,523964
PAR TECHNOLOGY CORP,COM,698884103,4999540,287000
PASITHEA THERAPEUTICS CORP,COM NEW,70261F202,33810,65600
PASSAGE BIO INC,COM NEW,702712209,233713,47892
PATHWARD FINANCIAL INC,COM,59100U108,870600,10000
PATRICK INDS INC,COM,703343103,8322875,92703
PATTERN GROUP INC,COM SER A,70339W104,2666387,105851
PATTERSON-UTI ENERGY INC,COM,703481101,73044333,7956899
PAYCHEX INC,COM,704326107,21485203,218501
PAYLOCITY HLDG CORP,COM,70438V106,10094985,96575
PAYMENTUS HOLDINGS INC,COM CL A,70439P108,6965256,288297
PAYONEER GLOBAL INC,COM,70451X104,14375992,2019100
PAYPAL HLDGS INC,COM,70450Y103,52692554,1220300
PAYPAY CORP,SPONSORED ADS,70450C101,611891,42700
PAYSAFE LIMITED,SHS,G6964L206,691677,92594
PAYSIGN INC,COM,70451A104,8794283,1073783
PCB BANCORP,COM,69320M109,2017164,71102
PC CONNECTION INC,COM,69318J100,3503520,48000
PDS BIOTECHNOLOGY CORP,COM,70465T107,222213,252200
PEABODY ENGR CORP,COM,704551100,122848744,5313527
PEAPACK-GLADSTONE FINL CORP,COM,704699107,974714,20594
PEBBLEBROOK HOTEL TR,COM,70509V100,1413048,72800
PEDIATRIX MEDICAL GROUP INC,COM,58502B106,32607309,1287300
PELAGOS INS CAP LTD,COM,G3398L118,7345007,301643
PELOTON INTERACTIVE INC,CL A COM,70614W100,27437175,4642500
PEMBINA PIPELINE CORP,COM,706327103,12527460,270864
PENGUIN SOLUTIONS INC,COM,706915105,1938255,25500
PENNANT GROUP INC,COM,70805E109,1780657,48191
PENNYMAC FINL SVCS INC NEW,COM,70932M107,5757310,66100
PENSKE AUTOMOTIVE GRP INC,COM,70959W103,9251715,51700
PENTAIR PLC,SHS,G7S00T104,31343514,408864
PENUMBRA INC,COM,70975L107,25102125,79500
PEOPLE INC,COM NEW,44891N208,20533214,444827
PEOPLES BANCORP N C INC,COM,710577107,1413654,32807
PEOPLES FINL SVCS CORP,COM,711040105,390189,5879
PEPGEN INC,COM,713317105,2736443,1520246
PERDOCEO ED CORP,COM,71363P106,105592448,3299764
PERFORMANCE SHIPPING INC,COMMON SHARES,Y67305154,214032,127400
PERIMETER SOLUTIONS INC,COMMON STOCK,71385M107,4500135,126231
PERION NETWORK LTD,SHS NEW,M78673114,9928562,1022509
PERMA-PIPE INTL HLDGS INC,COM,714167103,4204121,154393
PERMIAN RESOURCES CORP,CLASS A COM,71424F105,140038187,7606637
PERPETUALS.COM LTD,SPONSORED ADS,27030F202,234230,39700
PERSPECTIVE THERAPEUTICS INC,COM NEW,46489V302,201644,59133
PETCO HEALTH & WELLNESS CO I,CL A COM,71601V105,2050671,753923
PETMED EXPRESS INC,COM,716382106,2171962,1131230
PETROLEO BRASILEIRO S A,SP ADR NON VTG,71654V101,159381288,10886700
PETROLEO BRASILEIRO S A,SPONSORED ADR,71654V408,141897728,8780800
PG&E CORP,COM,69331C108,10872448,646400
PHARMACYTE BIOTECH INC,COM NEW,71715X203,29250,37987
PHATHOM PHARMACEUTICALS INC,COM,71722W107,2456440,226400
PHIBRO ANIMAL HEALTH CORP,CL A COM,71742Q106,15087700,480500
PHILLIPS EDISON & CO INC,COMMON STOCK,71844V201,28359951,681402
PHOENIX ED PARTNERS INC,COM,718968100,216810,6600
PICARD MEDICAL INC,COM SHS,71953R108,28184,172381
PILGRIMS PRIDE CORP,COM,72147K108,14625942,520311
PIMCO ETF TR,INTER MUN BD ACT,72201R866,5306814,100890
PIMCO ETF TR,MULTISECTOR BD,72201R585,10080252,380100
PINNACLE FINL PARTNERS INC,COM,72348N109,36296624,359800
PINNACLE WEST CAP CORP,COM,723484101,46545000,435000
PINTEREST INC,CL A,72352L106,57381007,2728531
PIONEER BANCORP INC MD,COM,723561106,1247817,73100
PIONEER PWR SOLUTIONS INC,COM NEW,723836300,498363,126488
PIPER SANDLER COMPANIES,COM NEW,724078209,10839426,149840
PIXELWORKS INC,COM,72581M404,212380,34062
PJT PARTNERS INC,COM CL A,69343T107,18867500,125000
PLANET LABS PBC,COM CL A,72703X106,23919197,721980
PLATINUM GROUP METALS LTD,COM,72765Q882,1153694,854588
PLAYBOY INC,COM,72814P109,168116,137800
PLAYSTUDIOS INC,CLASS A COM,72815G108,463038,927931
PLAYTIKA HLDG CORP,COM,72815L107,5169662,1389694
PLDT INC,SPONSORED ADR,69344D408,40891260,2333976
PLEXUS CORP,COM,729132100,19451244,64693
PLIANT THERAPEUTICS INC,COM,729139105,2336856,2049874
PLUG PWR INC,COM NEW,72919P202,31923258,11779800
PLUMAS BANCORP,COM,729273102,1817484,31100
PLURI INC,COM NEW,72942G203,38297,18324
PODCASTONE INC,COM,22275C105,133666,29903
POET TECHNOLOGIES INC,COM NEW,73044W302,35666460,3469500
POLARIS INC,COM,731068102,12319200,180000
POLYPID LTD,COM,M8001Q126,592425,116619
PONCE FINANCIAL GROUP INC,COMMON STOCK,732344106,4608832,231135
POPULAR INC,COM NEW,733174700,15666877,95425
PORTILLOS INC,COM CL A,73642K106,404521,85342
PORTLAND GEN ELEC CO,COM NEW,736508847,15295033,295100
POSCO HOLDINGS INC,SPONSORED ADR,693483109,9037742,175900
POSTAL REALTY TRUST INC,CL A,73757R102,10657588,432532
POWELL INDS INC,COM,739128106,32645613,114002
POWERFLEET INC,COM,73931J109,4858979,1268663
PRA GROUP INC,COM,69354N106,2278800,120000
PRECIGEN INC,COM,74017N105,3450210,605300
PRECIPIO INC,COM,74019L602,401087,16199
PRECISION BIOSCIENCES INC,COM NEW,74019P207,539015,68577
PRECISION OPTICS CORP INC MA,COM NEW,740294400,275910,54100
PREFERRED BK LOS ANGELES CA,COM NEW,740367404,1279370,12040
PREFORMED LINE PRODS CO,COM,740444104,14969018,36460
PRELUDE THERAPEUTICS INC,COM,74065P101,1498796,281200
PRESIDIO PRODTN CO,CL A COM,74102N101,391552,32200
PRICESMART INC,COM,741511109,4766296,24400
PRICE T ROWE GROUP INC,COM,74144T108,3922305,34500
PRIME MEDICINE INC,COM,74168J101,433250,117412
PRIMERICA INC,COM,74164M108,24651508,86740
PRIMIS FINANCIAL CORP,COM,74167B109,3651656,223070
PRIMO BRANDS CORPORATION,CLASS A COM SHS,741623102,1617928,66200
PRINCETON BANCORP INC,COM,74179A107,1775529,46786
PRIVIA HEALTH GROUP INC,COM,74276R102,16279371,632700
PROCAP FINL INC,COM SHS,74277P105,352352,228800
PROCORE TECHNOLOGIES INC,COM,74275K108,3787856,93251
PROFICIENT AUTO LOGISTICS IN,COM,74317M104,256737,37700
PROGRESSIVE CORP,COM,743315103,81962440,375200
PROGYNY INC,COM,74340E103,12243150,424667
PROKIDNEY CORP,SHS CL A,74291D104,2242776,1099400
PROPETRO HLDG CORP,COM,74347M108,21109914,1472100
PROSHARES TR,BITCOIN ETF,74347G440,6356086,796502
PROSHARES TR,PSHS ULDOW30 NEW,74347G374,288456,16800
PROSHARES TR,PSHS ULTRA QQQ,74347R206,9869520,102000
PROSHARES TR,PSHS ULTSH 20YRS,74347B201,957356,27400
PROSHARES TR,PSHS ULT S&P 500,74347R107,3493990,51855
PROSHARES TR,SHORT QQQ,74349Y837,398454,15900
PROSHARES TR,S&P 500 DV ARIST,74348A467,2263248,40300
PROSHARES TR,ULTRA BITCON ETF,74349Y704,1382836,170300
PROSHARES TR,ULTRASHORT QQQ,74349Y829,2528430,186600
PROSHARES TR,ULTR SHO S&P 500,74350P659,6376967,172025
PROTALIX BIOTHERAPEUTICS INC,COM,74365A309,2553680,1096000
PROTARA THERAPEUTICS INC,COM STK,74365U107,960730,251500
PROTHENA CORP PLC,SHS,G72800108,6829651,697615
PROTO LABS INC,COM,743713109,38248649,469251
PROVIDENT FINL HLDGS INC,COM,743868101,3635168,211347
PTC INC,COM,69370C100,30856476,271600
PTC THERAPEUTICS INC,COM,69366J200,59015895,723500
PUBLIC SVC ENTERPRISE GROUP,COM,744573106,48736580,600500
PUBMATIC INC,COM CL A,74467Q103,18644163,1421049
PULMATRIX INC,COM,74584P301,208587,122698
PULMONX CORP,COM,745848101,552643,425110
PUMA BIOTECHNOLOGY INC,COM,74587V107,14891687,1836213
PURE CYCLE CORP,COM NEW,746228303,677568,63265
PURECYCLE TECHNOLOGIES INC,COM,74623V103,3398901,419100
PURPLE INNOVATION INC,COM,74640Y106,15521,43477
PUTNAM ETF TRUST,FOCUSED LAR CAP,746729300,1859675,36500
PYXIS ONCOLOGY INC,COMMON STOCK,747324101,2324418,772232
PYXIS TANKERS INC,COM NEW,Y71726130,533316,128201
Q2 HLDGS INC,COM,74736L109,7032220,146200
Q32 BIO INC,COM,746964105,2288104,179600
QCR HLDGS INC,COM,74727A104,18026494,185172
QFIN HOLDINGS INC,AMERICAN DEP,88557W101,9633855,609352
QNITY ELECTRONICS INC,COMMON STOCK,74743L100,21377279,130900
QORVO INC,COM,74736K101,70708547,758106
QUAD / GRAPHICS INC,COM CL A,747301109,5672547,672900
QUALYS INC,COM,74758T303,39060909,284100
QUANEX BLDG PRODS CORP,COM,747619104,11520343,618708
QUANTA SVCS INC,COM,74762E102,4290718,5959
QUANTUM CORP,COM,747906600,1699676,154516
QUANTUMSCAPE CORP,COM CL A,74767V109,7872228,1041300
QUANTUM SI INC,COM CL A,74765K105,490176,553871
QUEST RESOURCE HLDG CORP,COM NEW,74836W203,154844,122892
QUICKLOGIC CORP,COM NEW,74837P405,2266595,113500
QUINSTREET INC,COM,74874Q100,1699400,116000
RACKSPACE TECHNOLOGY INC,COM,750102105,15866320,2429758
RADCOM LTD,SHS NEW,M81865111,3895802,276298
RADIANT LOGISTICS INC,COM,75025X100,1096414,115900
RADWARE LTD,ORD,M81873107,39418527,1277334
RAFAEL HLDGS INC,COM CL B,75062E106,196193,59815
RALLIANT CORP,COM,750940108,61083595,829602
RALLYBIO CORP,COM,75120L209,3198512,199907
RALPH LAUREN CORP,CL A,751212101,63767993,158860
RAMACO RES INC,COM CL B,75134P501,973075,113810
RANGER ENERGY SVCS INC,COM CL A,75282U104,4940414,308583
RANGE RES CORP,COM,75281A109,27166960,730491
RANI THERAPEUTICS HLDGS INC,COM CL A,753018100,327532,430737
RANPAK HOLDINGS CORP,COM CL A,75321W103,857463,117300
RAPID7 INC,COM,753422104,3459478,427096
RAPID MICRO BIOSYSTEMS INC,CLASS A COM,75340L104,366935,212101
RAVE RESTAURANT GROUP INC,COM,754198109,876847,268149
RAYMOND JAMES FINL INC,COM,754730109,11757544,77337
RAYONIER ADVANCED MATLS INC,COM,75508B104,12256208,1559314
RAYONIER INC,COM,754907103,16469933,773963
RBB BANCORP,COM,74930B105,814226,29700
RBC BEARINGS INC,COM,75524B104,18201136,28260
RCM TECHNOLOGIES INC,COM NEW,749360400,11053541,391553
READING INTL INC,CL A,755408101,643059,502390
RED CAT HLDGS INC,COM,75644T100,5475442,514126
REDDIT INC,CL A,75734B100,251704539,1450078
RED RIVER BANCSHARES INC,COM,75686R202,4136810,45320
RED ROBIN GOURMET BURGERS IN,COM,75689M101,944130,118164
RED VIOLET INC,COM,75704L104,1631232,25600
REDWIRE CORPORATION,COM,75776W103,114958331,9399700
REDWOOD TRUST INC,COM,758075402,813384,171600
REE AUTOMOTIVE LTD,SHS CL A NEW,M8287R202,6071,30977
REGENCY CTRS CORP,COM,758849103,70433943,883295
REGENERON PHARMACEUTICALS,COM,75886F107,92422346,148222
REGENTIS BIOMATERIALS LTD,ORDINARY SHARES,M8211G108,47118,13348
REGENXBIO INC,COM,75901B107,3075098,256686
REGIONAL MGMT CORP,COM,75902K106,7644289,185541
REGIS CORPORATION,COM SHS,758932206,527632,18844
REIN THERAPEUTICS INC,COM NEW,00887A204,19760,19000
RELAY THERAPEUTICS INC,COM,75943R102,3599785,192399
RELIANCE INC,COM,759509102,24751747,66252
RELMADA THERAPEUTICS INC,COM,75955J402,399976,57800
RELX PLC,SPONSORED ADR,759530108,16029137,506130
RE/MAX HLDGS INC,CL A,75524W108,6710371,680565
RENEW ENERGY GLOBAL PLC,CL A SHS,G7500M104,3853750,616600
RENOVORX INC,COM NEW,75989R107,11172,11400
REPLIMUNE GROUP INC,COM,76029N106,440586,39800
REPOSITRAK INC,COM NEW,700215304,1449567,161063
REPUBLIC AWYS HLDGS INC,COM SHS,590479408,231761,11031
REPUBLIC BANCORP INC KY,CL A,760281204,4440113,49100
REPUBLIC SVCS INC,COM,760759100,4871222,22861
RESEARCH FRONTIERS INC,COM,760911107,21210,40789
RESEARCH SOLUTIONS INC,COM,761025105,245897,105990
RESERVOIR MEDIA INC,COM,76119X105,594616,60123
RESMED INC,COM,761152107,315706,1620
RESOLUTE HLDGS MGMT INC,COM,76134H101,8888595,61500
RESOURCES CONNECTION INC,COM,76122Q105,1317925,310100
RETRACTABLE TECHNOLOGIES INC,COM,76129W105,317813,441407
REVOLVE GROUP INC,CL A,76156B107,320460,14000
REX AMERICAN RES CORP,COM,761624105,65845225,1458366
REYNOLDS CONSUMER PRODS INC,COM,76171L106,3423375,127500
RF INDS LTD,COM PAR $0.01,749552105,9837559,463817
RGC RES INC,COM,74955L103,1035659,43333
RH,COM,74967X103,11349897,68900
RHINEBECK BANCORP INC,COM,762093102,749523,43300
RHYTHM PHARMACEUTICALS INC,COM,76243J105,7581239,68281
RICHARDSON ELECTRS LTD,COM,763165107,5953495,313177
RICHMOND MUT BANCORPORATION,COM,76525P100,1145615,72142
RIDGEPOST CAP INC,CL A COM,69376K106,102310,13000
RIGEL PHARMACEUTICALS INC,COM,766559702,5705496,145846
RILEY EXPLORATION PERMIAN IN,COM,76665T102,1087548,32996
RIMINI STR INC DEL,COM,76674Q107,1023363,240226
RINGCENTRAL INC,CL A,76680R206,39969351,1025381
RING ENERGY INC,COM,76680V108,4446456,4117089
RIO TINTO PLC,SPONSORED ADR,767204100,115301978,1214600
RIOT PLATFORMS INC,COM,767292105,25374388,926749
RISKIFIED LTD,SHS CL A,M8216R109,6776280,1344500
RITHM CAPITAL CORP,COM NEW,64828T201,1416059,150805
RITHM PPTY TR INC,COM NEW SHS,38983D854,732283,50853
RIVERVIEW BANCORP INC,COM,769397100,1900663,350030
RIVIAN AUTOMOTIVE INC,COM CL A,76954A103,131856461,7599796
RLJ LODGING TR,COM,74965L101,196710,16600
RLX TECHNOLOGY INC,SPONSORED ADS,74969N103,498180,262200
RMR GROUP INC,CL A,74967R106,8596198,418714
ROADZEN INC,ORD SHS,G7606H108,60504,41441
ROBERT HALF INC.,COM,770323103,12245370,398872
ROBINHOOD MKTS INC,COM CL A,770700102,220248975,2196340
ROBLOX CORP,CL A,771049103,370548714,6814063
ROCKET COS INC,COM CL A,77311W101,4126847,262022
ROCKET LAB CORP,COM,773121108,4940190,48600
ROCKET PHARMACEUTICALS INC,COM,77313F106,2711971,792974
ROCKWELL MED INC,COM NEW,774374300,197999,359672
ROCKY BRANDS INC,COM,774515100,3308891,80235
ROCKY MTN CHOCOLATE FACTORY,COM,77467X101,234724,263823
ROGERS CORP,COM,775133101,9512713,58100
ROKU INC,COM CL A,77543R102,196752802,1424300
ROLLINS INC,COM,775711104,69750253,1671065
ROMA GREEN FIN LTD,ORD SHS CL A,G7633Y108,336600,42500
ROOT INC,CL A NEW,77664L207,13716114,245281
ROSS STORES INC,COM,778296103,131057705,615728
ROUNDHILL ETF TRUST,INNOVATION 100 O,77926X304,887205,28500
ROYAL BK CDA,COM,780087102,49257618,237994
ROYAL GOLD INC,COM,780287108,46453239,232720
ROYALTY PHARMA PLC,SHS CLASS A,G7709Q104,108540306,1935800
RPC INC,COM,749660106,264099,45300
RTX CORPORATION,COM,75513E101,44405548,234046
RUBRIK INC.,CL A,781154109,40877693,509189
RUSH ENTERPRISES INC,CL A,781846209,11108317,152200
RUSH ENTERPRISES INC,CL B,781846308,25263896,330247
RUSH STREET INTERACTIVE INC,COM,782011100,54052450,1817500
RXSIGHT INC,COM,78349D107,678140,140693
RYANAIR HOLDINGS PLC,SPONSORED ADR,783513203,101459754,1566946
RYAN SPECIALTY HOLDINGS INC,CL A,78351F107,1589696,42100
RYDE GROUP LTD,CL A SHS,G7733R102,9397,14653
RYERSON HLDG CORP,COM,783754104,873704,35502
SABRE CORP,COM,78573M104,826595,395500
SACHEM CAP CORP,COM,78590A109,336680,357676
SAFE BULKERS INC,COM,Y7388L103,17732072,2810154
SAFEHOLD INC,COM,78646V107,812020,51721
SAFETY INS GROUP INC,COM,78648T100,10607288,141695
SAGA COMMUNICATIONS INC,CL A NEW,786598300,960676,105918
SAGIMET BIOSCIENCES INC,COM SER A,786700104,2681746,346927
SAIA INC,COM,78709Y105,10283885,24418
SAILPOINT INC,COM,78781J109,5071296,346400
SALESFORCE INC,COM,79466L302,33306270,212601
SANA BIOTECHNOLOGY INC,COM,799566104,4296539,1231100
SANARA MEDTECH INC,COM,79957L100,1589966,67400
SANDISK CORP,COM,80004C200,11323175,4980
SANDRIDGE ENERGY INC,COM NEW,80007P869,20377312,1487395
SANFILIPPO JOHN B & SON INC,COM,800422107,13143142,152845
SANMINA CORP,COM,801056102,34933392,138033
SAREPTA THERAPEUTICS INC,COM,803607100,20151163,1121378
SASOL LTD,SPONSORED ADR,803866300,2933234,298700
SATELLOGIC INC,COM CL A,80401C100,33913354,5928908
SAUL CTRS INC,COM,804395101,6620797,177074
SAVARA INC,COM,805111101,1533156,248889
SAVERS VALUE VLG INC,COM,80517M109,6442263,638480
SB FINL GROUP INC,COM,78408D105,1006908,39846
SCANSOURCE INC,COM,806037107,540434,10375
SCHNEIDER NATIONAL INC,CL B,80689H102,3167151,86700
SCHOLAR ROCK HLDG CORP,COM,80706P103,5032500,91500
SCHWAB CHARLES CORP,COM,808513105,176340980,1911141
SCHWAB STRATEGIC TR,1000 INDEX ETF,808524722,1766940,49000
SCHWAB STRATEGIC TR,EMRG MKTEQ ETF,808524706,5242253,144574
SCHWAB STRATEGIC TR,INT-TRM U.S TRES,808524854,4199598,170300
SCHWAB STRATEGIC TR,MUN BD ETF,808524649,7128902,276100
SCHWAB STRATEGIC TR,US AGGREGATE B,808524839,939078,40600
SCHWAB STRATEGIC TR,US BRD MKT ETF,808524102,2235712,77200
SCHWAB STRATEGIC TR,US LRG CAP ETF,808524201,23167296,787200
SCHWAB STRATEGIC TR,US REIT ETF,808524847,2957632,124900
SCHWAB STRATEGIC TR,US TIPS ETF,808524870,14060900,530600
SCIENCE APPLICATIONS INTL CO,COM,808625107,14060714,127350
SCIENJOY HOLDING CORP,CLASS A ORD,G7864D112,21453,27504
SCILEX HOLDING CO,COM NEW,80880W205,257899,33064
SCORPIO TANKERS INC,SHS,Y7542C130,79005921,1140715
SCOTTS MIRACLE-GRO CO,CL A,810186106,12191690,179000
SCRIPPS E W CO OHIO,CL A NEW,811054402,400628,144631
SCULLY ROYALTY LTD,COM SHS,G7T96K107,205538,67114
SCYNEXIS INC,COM,811292309,311457,76525
SEABOARD CORP DEL,COM,811543107,8134009,1822
SEABRIDGE GOLD INC,COM,811927102,7292142,283300
SEACOAST BKG CORP FLA,COM NEW,811707801,861341,25905
SEACOR MARINE HLDGS INC,COM,78413P101,873630,114200
SEAGATE TECHNOLOGY HLDNGS PL,ORD SHS,G7997R103,441345645,457353
SEA LTD,SPONSORD ADS,81141R100,76625668,799600
SEANERGY MARITIME HLDGS CORP,SHS,Y73760400,8180213,609100
SEAPORT ENTMT GROUP INC,COMMON STOCK,812215200,744773,27999
SECURITY NATL FINL CORP,CL A NEW,814785309,1877341,193740
SEER INC,COM CL A,81578P106,1635930,985500
SEI INVTS CO,COM,784117103,24973317,284726
SELECTIVE INS GROUP INC,COM,816300107,27802484,286594
SELECTQUOTE INC,COM,816307300,692453,823271
SELECT SECTOR SPDR TR,ST STR CARE ETF,81369Y209,99686078,628300
SELECT SECTOR SPDR TR,ST STR DISCR ETF,81369Y407,18241262,155536
SELECT SECTOR SPDR TR,ST STR ENERG ETF,81369Y506,44215881,832534
SELECT SECTOR SPDR TR,ST STR FINL ETF,81369Y605,7854401,146510
SELECT SECTOR SPDR TR,ST STR INDL ETF,81369Y704,1852300,10000
SELECT SECTOR SPDR TR,ST STR REAL ETF,81369Y860,9034956,205200
SELECT SECTOR SPDR TR,ST STR STAPL ETF,81369Y308,29672604,357200
SELECT SECTOR SPDR TR,ST STR TECHN ETF,81369Y803,15051080,79000
SELECT SECTOR SPDR TR,ST STR UTIL ETF,81369Y886,27480574,606100
SELECT WATER SOLUTIONS INC,CL A COM,81617J301,3851365,192761
SELLAS LIFE SCIENCES GROUP I,COM NEW,81642T209,4580973,310364
SEMILEDS CORP,COM NEW,816645204,132107,79106
SEMPRA,COM,816851109,33440497,360700
SEMTECH CORP,COM,816850101,33521725,207116
SENECA FOODS CORP NEW,CL A,817070501,2834700,16297
SENESTECH INC,COM NEW,81720R604,123098,82616
SENSIENT TECHNOLOGIES CORP,COM,81725T100,7187807,58300
SENSTAR TECHNOLOGIES CORP,COM,81728N100,877704,454769
SENSUS HEALTHCARE INC,COM,81728J109,731849,242334
SEPTERNA INC,COM,81734D104,1387122,41419
SERITAGE GROWTH PPTYS,CL A,81752R100,138601,52700
SERVICE PPTYS TR,COM SH BEN INT,81761L102,5300009,3136100
SES AI CORPORATION,CL A COM,78397Q109,1611256,1678042
SEVEN HILLS REALTY TRUST,COM,81784E101,733697,87034
SFL CORPORATION LTD,SHS,G7738W106,4297923,421365
SHARONAI HOLDINGS INC,COM CL A,778920306,1494588,17654
SHARPLINK INC,COM NEW,820014405,28009920,5835400
SHATTUCK LABS INC,COM,82024L103,5161701,743761
SHELL PLC,SPON ADS,780259305,209005348,2695452
SHENANDOAH TELECOMMUNICATION,COM,82312B106,723840,48000
SHIMMICK CORPORATION,COM,82455M109,573786,125555
SHOALS TECHNOLOGIES GROUP IN,CL A,82489W107,8306100,839000
SHORE BANCSHARES INC,COM,825107105,6414869,279515
SHUTTERSTOCK INC,COM,825690100,1021154,73201
SIBANYE STILLWATER LTD,SPONSORED ADR,82575P107,34784269,4097087
SI BONE INC,COM,825704109,719712,44100
SIDUS SPACE INC,CL A COM NEW,826165201,3294523,1172428
SIEBERT FINL CORP,COM,826176109,34650,21000
SIERRA BANCORP,COM,82620P102,7573697,185812
SIFCO INDS INC,COM,826546103,2511616,107334
SIFY TECHNOLOGIES LTD,SPONSORED ADR,82655M206,878669,52900
SIGA TECHNOLOGIES INC,COM,826917106,1549912,425800
SIGHT SCIENCES INC,COM,82657M105,1152606,212658
SIGMA LITHIUM CORPORATION,COM,826599102,3032205,239700
SILENCE THERAPEUTICS PLC,ADS,82686Q101,185891,16930
SILICOM LTD,ORD,M84116108,4161192,86800
SILICON LABORATORIES INC,COM,826919102,11036843,50498
SILICON MOTION TECHNOLOGY CO,SPONSORED ADR,82706C108,326330,979
SILVERCORP METALS INC,COM,82835P103,30879740,3057400
SILVERCREST ASSET MGMT GROUP,CL A,828359109,1700178,168168
SIMILARWEB LTD,SHS,M84137104,4375153,713728
SIMMONS FIRST NATL CORP,CL A $1 PAR,828730200,5652466,249557
SIMPLY GOOD FOODS CO,COM,82900L102,173968,13100
SIMPSON MFG INC,COM,829073105,1067685,5100
SIMULATIONS PLUS INC,COM,829214105,3388229,185048
SINCLAIR INC,CL A,829242106,526124,36921
SINGULARITY FUTURE TECH LTD,COM SHS,82935V307,21900,72950
SINOVAC BIOTECH LTD,SHS,P8696W104,0,1312520
SIRIUSPOINT LTD,COM,G8192H106,3602088,150087
SITE CTRS CORP,COM,82981J851,216214,54462
SITEONE LANDSCAPE SUPPLY INC,COM,82982L103,8477781,74100
SITIME CORP,COM,82982T106,60479827,81120
SKEENA RES LTD NEW,COM,83056P715,2564692,96200
SKILLFUL CRAFTSMAN ED TECH L,ORD SHS,G8211A108,47657,48600
SKILLSOFT CORP,CL A,83066P309,306003,59074
SKINHEALTH SYSTEMS INC,COM CL A,88331L108,252549,364691
SK TELECOM CO LTD,SPONSORED ADR,78440P306,9705084,301775
SKYWARD SPECIALTY INS GROUP,COM,830940102,2625750,45000
SKYWATER TECHNOLOGY INC,COM,83089J108,9084538,260900
SKYWEST INC,COM,830879102,26337945,265156
SKYX PLATFORMS CORP,COM,78471E105,554379,501700
SLIDE INS HLDGS INC,COM,831349105,2231618,115210
SLM CORP,COM,78442P106,25841428,996200
SMARTFINANCIAL INC,COM NEW,83190L208,6905733,147181
SMARTRENT INC,COM CL A,83193G107,1598203,1343028
SMART SAND INC,COM,83191H107,281061,56100
SMARTSTOP SELF STORAG REIT I,COMMON STOCK,83192D402,1612000,49600
SMITH A O CORP,COM,831865209,24931137,397499
SMITHFIELD FOODS INC,COM,832248207,17789858,733300
SMITH MICRO SOFTWARE INC,COM NEW,832154504,63315,23625
SMITH & WESSON BRANDS INC,COM,831754106,33370361,2218774
SMJ INTL HOLDINGS INC,ORD CL A,G82454102,73440,14400
SNAIL INC,CLASS A COM,83301J100,70040,112932
SNAP INC,CL A,83304A106,47309532,10655300
SNAP ON INC,COM,833034101,54798832,136180
SNDL INC,COM,83307B101,1419919,1051792
SOCIEDAD QUIMICA Y MINERA DE,SPON ADR SER B,833635105,57712995,779484
SOCKET MOBILE INC,COM NEW,83368E200,16089,26700
SOHU COM LTD,SPONSORED ADS,83410S108,9378601,773812
SOLAREDGE TECHNOLOGIES INC,COM,83417M104,43043398,736540
SOLARIS ENERGY INFRAS INC,COM CL A,83418M103,21997764,273400
SOLARMAX TECHNOLOGY INC,COM SHS,83419H103,17479,50083
SOLID BIOSCIENCES INC,COM NEW,83422E204,820179,82100
SOLITARIO RESOURCES CORP,COM,8342EP107,1133004,1505853
SOLSTICE ADVANCED MATLS INC,COM SHS,83443Q103,70437000,795000
SOLUNA HOLDINGS INC,COM NEW,583543301,611010,452600
SOLV ENERGY INC,COM SHS CL A,78475V103,19091835,560700
SONIC AUTOMOTIVE INC,CL A,83545G102,3010045,35500
SONIDA SENIOR LIVING INC,COM,140475203,2369827,58084
SONOMA PHARMACEUTICALS INC,COM,83558L303,49776,40468
SONOS INC,COM,83570H108,11200134,827800
SONO TEK CORP,COM,835483108,703800,115000
SOPHIA GENETICS SA,ORDINARY SHARES,H82027105,653741,113300
SOUND FINL BANCORP INC,COM,83607A100,258660,6000
SOUNDTHINKING INC,COM,82536T107,553245,61132
SOUTH BOW CORP,COM,83671M105,2702203,76680
SOUTHERN COPPER CORP,COM,84265V105,7432886,42654
SOUTHERN FIRST BANCSHARES,COM,842873101,11383358,186307
SOUTHERN MO BANCORP INC,COM,843380106,6083387,79824
SOUTH PLAINS FINANCIAL INC,COM,83946P107,920166,21357
SOUTHSIDE BANCSHARES INC,COM,84470P109,14749748,419146
SOUTHSTATE BK CORP,COM,84472E102,4691204,46959
SOUTHWEST GAS HLDGS INC,COM,844895102,38921652,438900
SPAR GROUP INC,COM,784933103,63576,76941
SPDR GOLD TR,GOLD SHS,78463V107,41641675,113040
SPDR INDEX SHS FDS,ST PORT MARK ETF,78463X509,895794,17300
SPDR SERIES TRUST,ST BLOO HIGH ETF,78468R622,15583029,161700
SPDR SERIES TRUST,ST INTER BD ETF,78464A375,21029610,628500
SPDR SERIES TRUST,ST INTER ETF,78464A672,5998921,211304
SPDR SERIES TRUST,ST NUVE HIGH ETF,78464A284,5025341,197537
SPDR SERIES TRUST,ST SHOR CORP ETF,78464A474,8837945,294500
SPDR SERIES TRUST,ST STR BACKE ETF,78464A383,452581,20286
SPDR SERIES TRUST,ST STR CONV ETF,78464A359,2261201,20972
SPDR SERIES TRUST,ST STR DOW REIT,78464A607,1875528,16602
SPDR SERIES TRUST,ST STR NUVEE ETF,78468R721,5103036,111420
SPDR SERIES TRUST,ST STR P500ETF,78464A854,14912445,169691
SPDR SERIES TRUST,ST STR P500VAL,78464A508,6996929,115100
SPDR SERIES TRUST,ST STR PR SP1500,78464A805,962374,10600
SPDR SERIES TRUST,ST STR SP500DIV,78468R788,2027675,42500
SPDR SERIES TRUST,ST STR SP600SM C,78464A300,483139,4428
SPDR SERIES TRUST,ST STR SP AERO,78464A631,2122749,7480
SPDR SERIES TRUST,ST STR SP BANK,78464A797,5856960,85854
SPDR SERIES TRUST,ST STR SP DIV,78464A763,928298,6100
SPDR SERIES TRUST,ST STR SP METAL,78464A755,12949223,121100
SPDR SERIES TRUST,ST STR SP REGBNK,78464A698,35132569,469373
SPDR SERIES TRUST,ST STR SP RETAIL,78464A714,11537810,131500
SPDR SERIES TRUST,ST TERM HIGH ETF,78468R408,846014,33800
SPERO THERAPEUTICS INC,COM,84833T103,2094868,947904
S&P GLOBAL INC,COM,78409V104,87749054,215462
SPHERE ENTERTAINMENT CO,CL A,55826T102,44284433,255935
SPIRE INC,COM,84857L101,26784870,343000
SPOK HLDGS INC,COM,84863T106,11761449,1148579
SPORTSMANS WHSE HLDGS INC,COM,84920Y106,902139,678300
SPOTIFY TECHNOLOGY S A,SHS,L8681T102,60227113,131176
SPROTT INC,COM NEW,852066208,18728745,166700
SPROUTS FMRS MKT INC,COM,85208M102,170333463,2013874
SPROUT SOCIAL INC,COM CL A,85209W109,4736583,627362
SPRUCE BIOSCIENCES INC,COM NEW,85209E208,253800,4700
SPRUCE POWER HOLDING CORP,COM NEW,9837FR209,628315,243533
SR BANCORP INC,COM,85227J106,3463680,176000
SRX GLOBAL INC,COM NEW,08771Y402,440880,4860865
SS&C TECH HLDGS,COM,78467J100,5590705,90100
SSGA ACTIVE ETF TR,ST STR TOTAL ETF,78467V848,1760717,44609
SSR MINING IN,COM,784730103,1605908,56786
STAAR SURGICAL CO,COM PAR $0.01,852312305,9766076,340400
STABLECOIN DEV CORP,COM SHS,66987P508,27449,26142
STAG INDUSTRIAL INC,COM,85254J102,3930532,103272
STANDARDAERO INC,COM,85423L103,16785492,561200
STANDARD BIOTOOLS INC,COM,34385P108,816166,992058
STANDARD LITHIUM CORP,COM,853606101,2730200,992800
STANDEX INTL CORP,COM,854231107,5336436,14920
STANTEC INC,COM,85472N109,13458054,195299
STAR BULK CARRIERS CORP.,SHS PAR,Y8162K204,52427936,2099637
STAR EQUITY HOLDINGS INC,COM NEW,443787205,857341,80426
STAR GROUP LP,UNIT LTD PARTNR,85512C105,11312130,881007
STAR HLDGS,SHS BEN INT,85512G106,1003378,109899
STARWOOD PPTY TR INC,COM,85571B105,9413324,574684
STATE STR SPDR S&P 500 ETF T,TR UNIT,78462F103,163572501,219040
STEAKHOLDER FOODS LTD,SPONSORED ADS,583435409,7495,13600
STEALTHGAS INC,SHS,Y81669106,15446325,1955231
STELLAR BANCORP INC,COM,858927106,11119146,282786
STEM INC,COM NEW,85859N300,519224,66482
STEPSTONE GROUP INC,COM CL A,85914M107,8822088,213300
STEREOTAXIS INC,COM NEW,85916J409,26488,15400
STERIS PLC,SHS USD,G8473T100,24407800,115913
STERLING INFRASTRUCTURE INC,COM,859241101,564212756,672194
STEWART INFORMATION SVCS COR,COM,860372101,5134970,77779
STIFEL FINL CORP,COM,860630102,26151401,374823
STITCH FIX INC,COM CL A,860897107,24675034,6003658
ST JOE CO,COM,790148100,1510385,24116
STMICROELECTRONICS N V,NY REGISTRY,861012102,24536285,332974
STOCK YDS BANCORP INC,COM,861025104,3376151,44150
STONERIDGE INC,COM,86183P102,1846104,252200
STONEX GROUP INC,COM,861896108,33673671,284166
STRAN & COMPANY INC,COMMON STOCK,86260J102,433358,194331
STRATA CRITICAL MEDICAL INC,CL A COM,092667104,2594874,492386
STRATASYS LTD,SHS,M85548101,2348864,274400
STRATEGIC ED INC,COM,86272C103,3852300,50278
STRATEGY INC,CL A NEW,594972408,221992446,2553692
STRATTEC SEC CORP,COM,863111100,5636829,69206
STREAMEX CORP,COM,09073N300,402705,473603
STRYKER CORPORATION,COM,863667101,28744892,91300
STUBHUB HLDGS INC,CL A,86384P109,3383523,262900
STURM RUGER & CO INC,COM,864159108,25827932,682376
SUMITOMO MITSUI FIN GRP INC,SPONSORED ADR,86562M209,24135828,1023572
SUMMIT HOTEL PPTYS,COM,866082100,486494,69400
SUMMIT ST BK SANTA ROSA CALI,COM,866264203,174788,12890
SUNCOKE ENERGY INC,COM,86722A103,17401371,2161661
SUNCOR ENERGY INC NEW,COM,867224107,58259226,1085306
SUN LIFE FINANCIAL INC.,COM,866796105,7138965,91035
SUNOCOCORP LLC,COM SHS LLC,86765Q106,48790070,721000
SUNPOWER INC,COM,20460L104,748103,1088467
SUNRISE RLTY TR INC,COM,867981102,387100,49000
SUNRUN INC,COM,86771W105,24084602,1800045
SUNSTONE HOTEL INVS INC NEW,COM,867892101,8428299,736096
SUPERCOM LTD NEW,ORD SHS,M87095309,275704,24100
SUPERIOR GROUP OF CO INC,COM,868358102,699296,53300
SUPER MICRO COMPUTER INC,COM NEW,86800U302,199021648,6785600
SUPERNUS PHARMACEUTICALS,COM,868459108,68750152,1478180
SUPERX AI TECHNOLOGY LTD,USD ORD SHS NEW,G5294K110,87200,10900
SURGEPAYS INC,COM NEW,86882L204,18375,50900
SURGERY PARTNERS INC,COM,86881A100,2185680,130100
SURROZEN INC,COM NEW,86889P208,321105,12374
SUTRO BIOPHARMA INC,COM SHS,869367201,2865957,86324
SUZANO S A,SPON ADS,86959K105,5263608,678300
SWARMER INC,COM SHS,86989Y109,1683780,38000
SYMBOTIC INC,CLASS A COM,87151X101,43156495,960100
SYNDAX PHARMACEUTICALS INC,COM,87164F105,7030176,321600
SYNOPSYS INC,COM,871607107,17636716,39538
SYPRIS SOLUTIONS INC,COM,871655106,1494343,614956
T1 ENERGY INC,COM NEW,35834F104,39938349,4212906
TABOOLA.COM LTD,ORD SHS,M8744T106,16410500,3282100
TACTILE SYS TECHNOLOGY INC,COM,87357P100,14118698,474100
TAIWAN SEMICONDUCTOR MANUFAC,SPONSORED ADS,874039100,405495136,849080
TAKEDA PHARMACEUTICAL CO LTD,SPONSORED ADS,874060205,41165040,2568000
TAKE-TWO INTERACTIVE SOFTWAR,COM,874054109,10910134,43644
TAL ED GROUP,SPONSORED ADS,874080104,260304,27200
TALKSPACE INC,COM,87427V103,12512760,2406300
TALOS ENERGY INC,COM,87484T108,9162227,709700
TALPHERA INC,COM NEW,00444T209,116699,113300
TANDY LEATHER FACTORY INC,COM,87538X105,62705,26912
TANGER INC,COM,875465106,3634161,92074
TANGO THERAPEUTICS INC,COM,87583X109,23391858,748300
TAO SYNERGIES INC,COM,87167T300,293987,78817
TAOWEAVE INC,COM,674434303,29532,21400
TAPESTRY INC,COM,876030107,67846252,463494
TARGET CORP,COM,87612E106,94770616,725600
TARGET HOSPITALITY CORP,COM,87615L107,18019496,885044
TARSUS PHARMACEUTICALS INC,COM,87650L103,585342,9300
TASKUS INC,CLASS A COM,87652V109,279396,59700
TAT TECHNOLOGIES LTD,ORD NEW,M8740S227,7437162,154202
TAYLOR DEVICES INC,COM,877163105,3289718,56062
TAYLOR MORRISON HOME CORP,COM,87724P106,2493180,34753
TDH HLDGS INC,SHS NEW,G87084110,15246,12100
TD SYNNEX CORPORATION,COM,87162W100,15646876,58528
TEAM INC,COM NEW,878155308,595313,34451
TECHNIPFMC PLC,COM,G87110105,70556460,1064200
TECHTARGET INC,COM NEW,87874R308,2229642,619345
TECNOGLASS INC,ORD SHS,G87264100,622573,13300
TE CONNECTIVITY PLC,ORD SHS,G87052109,71974770,357000
TEEKAY CORPORATION LTD,SHS,G8726T105,36889750,3688975
TEEKAY TANKERS LTD,CL A,G8726X106,27629690,425924
TEJON RANCH CO,COM,879080109,6893718,368648
TELA BIO INC,COM,872381108,43575,58100
TELADOC HEALTH INC,COM,87918A105,68457700,8072842
TELEFLEX INCORPORATED,COM,879369106,9595732,75700
TELEFONAKTIEBOLAGET LM ERICS,ADR B SEK 10,294821608,45460780,4077200
TELEFONICA BRASIL SA,SPONSORED ADS,87936R205,15919033,1209653
TELEKOMUNIKASI IND,SPONSORED ADR,715684106,47855307,3563314
TELESAT CORP,CL A & CL B SHS,879512309,323968,6400
TELOS CORP MD,COM,87969B101,4171873,906929
TELUS CORPORATION,COM,87971M103,267421,25300
TENABLE HLDGS INC,COM,88025T102,35803104,970800
TENARIS S A,SPONSORED ADS,88031M109,169579882,3056044
TENAX THERAPEUTICS INC,COM NEW,88032L605,2386200,164000
TENAYA THERAPEUTICS INC,COM,87990A106,3164161,4281100
TENCENT MUSIC ENTMT GROUP,SPON ADS,88034P109,53914647,6456844
TERADYNE INC,COM,880770102,105525504,218100
TERNIUM SA,SPONSORED ADS,880890108,5401550,126500
TERRESTRIAL ENERGY INC,COM SHS,881454102,1301304,183800
TESLA INC,COM,88160R101,467270040,1110960
TETRA TECHNOLOGIES INC DEL,COM,88162F105,3325638,293525
TEXAS CAP BANCSHARES INC,COM,88224Q107,19805268,191800
TEXAS INSTRS INC,COM,882508104,417923947,1402100
TEXAS ROADHOUSE INC,COM,882681109,27236348,140953
TFI INTERNATIONAL INC,COM,87241L109,13955004,97200
TFS FINL CORP,COM,87240R107,42251409,2384391
TG THERAPEUTICS INC,COM,88322Q108,37320742,679300
THE BEACHBODY COMPANY INC,COM CL A NEW,073463309,1047182,102464
THE CIGNA GROUP,COM,125523100,95247164,345499
THEMES ETF TR,LEVERAGE SHS 2X,88340W681,285167,6309
THE ONCOLOGY INSTITUTE INC,COM,68236X100,7416908,1365913
THERAPEUTICSMD INC,COM NEW,88338N206,323984,146599
THERAVANCE BIOPHARMA INC,COM,G8807B106,2623406,154318
THE REAL BROKERAGE INC,COM NEW,75585H206,7462388,4100213
THE REALREAL INC,COM,88339P101,5705181,483900
THERIVA BIOLOGICS INC,COM NEW,87164U508,15940,63710
THE TRADE DESK INC,COM CL A,88339J105,126963925,7022341
THIRD COAST BANCSHARES INC,COM,88422P109,863510,21374
THREDUP INC,CL A,88556E102,5743040,838400
TIDAL TRUST II,DEFIANCE DAILY,88636X658,839445,95500
TIDAL TRUST II,DEFIANCE DAILY,88636W197,1702573,73292
TIDAL TRUST II,DEFI DA IREN ETF,88636Y888,307464,18400
TIDAL TRUST II,DEFI DA RGTI ETF,88636Y102,192863,10425
TIDAL TRUST II,DEFI DA RKLB ETF,88636W171,27468,10900
TIDAL TRUST II,DEF LON ION ETF,88636Y508,1886535,37100
TIDAL TRUST II,YIELDMAX NVDA,88634T774,302292,24300
TIDAL TRUST I,SP FDS S&P 500,886364801,1161500,20200
TIGO ENERGY INC,COM,88675P103,2527351,1084700
TILLYS INC,CL A,886885102,5513390,1312712
TIMBERLAND BANCORP INC,COM,887098101,9526113,212589
TIM S A,SPONSORED ADR,88706T108,37041049,1729274
TIPTREE INC,COM,88822Q103,3092992,172600
TITAN AMER SA,COMMON SHARES,B9151N105,800402,42894
TITAN INTL INC ILL,COM,88830M102,16715951,2168087
TIZIANA LIFE SCIENCES LTD,COMMON SHARES,G88912103,16768,13100
TJX COS INC NEW,COM,872540109,262004100,1729400
TMC THE METALS COMPANY INC,COM,87261Y106,3962192,894400
T-MOBILE US INC,COM,872590104,101410732,604607
TOAST INC,CL A,888787108,53835261,1935128
TOOTSIE ROLL INDS INC,COM,890516107,18664673,471926
TOP FINANCIAL GROUP LTD,SHS CL A,G989A6102,90951,49700
TORM PLC,SHS CL A,G89479102,7214059,276825
TORO CO,COM,891092108,100147760,1028000
TORO CORP,COM,Y8900D108,945754,194200
TORONTO DOMINION BK ONT,COM NEW,891160509,98999450,815280
TOWER SEMICONDUCTOR LTD,SHS NEW,M87915274,55007811,211049
TOWNEBANK PORTSMOUTH VA,COM,89214P109,16772561,462819
TOWNSQUARE MEDIA INC,CL A,892231101,3000953,424463
TOYO CO LTD,ORD SH,G8976D107,168190,24200
TPG INC,COM CL A,872657101,23397350,577000
TPG MTG INVTS TR INC,COM NEW,001228501,1821172,229946
TPG RE FIN TR INC,COM,87266M107,1089816,130205
TRADEWEB MKTS INC,CL A,892672106,30109080,302118
TRANE TECHNOLOGIES PLC,SHS,G8994E103,19247578,39188
TRANSACT TECHNOLOGIES INC,COM,892918103,2417976,414037
TRANSALTA CORP,COM,89346D107,18292872,1322695
TRANSCAT INC,COM,893529107,677685,7305
TRANSCONTINENTAL RLTY INVS,COM NEW,893617209,423108,9200
TRANSDIGM GROUP INC,COM,893641100,34126865,25620
TRANSOCEAN LTD,REGISTERED SHS,H8817H100,71037778,14527153
TRAVELZOO,COM NEW,89421Q205,6320060,541101
TRAVERE THERAPEUTICS INC,COM,89422G107,104137218,1833079
TREACE MED CONCEPTS INC,COM,89455T109,192234,48300
TREDEGAR CORP,COM,894650100,893908,112300
TREKOR METALS LTD,COM,89472Y107,31259762,4543570
TRICO BANCSHARES,COM,896095106,8673458,161067
TRIMBLE INC,COM,896239100,69412568,1356244
TRINET GROUP INC,COM,896288107,7309673,147700
TRIO TECH INTL,COM NEW,896712205,4396503,356859
TRIPLE FLAG PRECIOUS METAL,COM,89679M104,1018530,33985
TRONOX HOLDINGS PLC,SHS,G9087Q102,4275810,678700
TROOPS INC,SHS,G9094C104,25830,10500
TRUBRIDGE INC,COM,205306103,1624391,61976
TRUEBLUE INC,COM,89785X101,1202325,172500
TRUPANION INC,COM,898202106,1174098,47400
TRX GOLD CORPORATION,COM,87283P109,309068,374628
TRYHARD HLDGS LTD,SHS,G9107K101,8461,29276
TSAKOS ENERGY NAVIGATION LTD,SHS,G9108L173,16701820,472203
TSCAN THERAPEUTICS INC,COM,89854M101,1300396,1326799
TSS INC DEL,COM,87288V101,1700979,138291
TTEC HLDGS INC,COM,89854H102,110386,56900
TTM TECHNOLOGIES INC,COM,87305R109,5118550,27369
TUCOWS INC,COM NEW,898697206,1736970,128951
TUNIU CORP,SPONSORED ADS,89977P205,153309,31741
TURKCELL ILETISIM,SPON ADR NEW,900111204,6587370,1120301
TURNING PT BRANDS INC,COM,90041L105,6678363,78745
TUTOR PERINI CORP,COM,901109108,66399232,800280
TVARDI THERAPEUTICS INC,COM,140755307,173677,91409
TWENTY ONE CAP INC,COM SHS CL A,90138L109,54945,11100
TWFG INC,COM CL A,87318A101,3605095,149900
TWIN DISC INC,COM,901476101,2716558,117093
TXNM ENERGY INC,COM,69349H107,36654783,645558
TYLER TECHNOLOGIES INC,COM,902252105,18436678,63040
UBIQUITI INC,COM,90353W103,105921646,198344
UCLOUDLINK GROUP INC,SPONSORED ADS,90354D104,33845,36005
UDR INC,COM,902653104,24602616,616298
UFP INDUSTRIES INC,COM,90278Q108,5489770,60500
UFP TECHNOLOGIES INC,COM,902673102,22394205,84465
UGI CORP NEW,COM,902681105,14126273,408983
UIPATH INC,CL A,90364P105,38630893,3553900
ULTA BEAUTY INC,COM,90384S303,80175224,177780
ULTRA CLEAN HLDGS INC,COM,90385V107,13104021,91900
ULTRAGENYX PHARMACEUTICAL IN,COM,90400D108,13813443,413700
ULTRALIFE CORP,COM,903899102,1085713,171790
ULTRAPAR PARTICIPACOES SA,SP ADR REP COM,90400P101,11232677,2237585
UMH PPTYS INC,COM,903002103,2617206,172867
UNDER ARMOUR INC,CL A,904311107,223011,34900
UNDER ARMOUR INC,CL C,904311206,363248,58400
UNIFI INC,COM NEW,904677200,441717,92993
UNIFIRST CORP MASS,COM,904708104,7251493,27420
UNILEVER PLC,SPON ADR NEW,904767803,70180240,1167336
UNION BANKSHARES INC,COM,905400107,530130,21852
UNION PAC CORP,COM,907818108,60139200,221100
UNISYS CORP,COM NEW,909214306,3395382,927700
UNITED AIRLS HLDGS INC,COM,910047109,63339110,465763
UNITED FIRE GROUP INC,COM,910340108,1700472,32427
UNITED GUARDIAN INC,COM,910571108,1190709,166766
UNITEDHEALTH GROUP INC,COM,91324P102,152541984,367014
UNITED MARITIME CORPORATION,COM,Y92335101,585364,222572
UNITED NAT FOODS INC,COM,911163103,8327925,182350
UNITED STS LIME & MINERALS I,COM,911922102,63745181,609011
UNITED THERAPEUTICS CORP DEL,COM,91307C102,925846052,1708739
UNITIL CORP,COM,913259107,21473283,407540
UNITY BANCORP INC,COM,913290102,2283041,38900
UNITY SOFTWARE INC,COM,91332U101,43650148,1527297
UNIVERSAL CORP VA MTNS BK EN,COM,913456109,703199,13479
UNIVERSAL DISPLAY CORP,COM,91347P105,22066509,254839
UNIVERSAL ELECTRS INC,COM,913483103,939528,196966
UNIVERSAL HEALTH RLTY INCOME,SH BEN INT,91359E105,8618929,196510
UNIVERSAL INS HLDGS INC,COM,91359V107,5194816,125600
UNIVERSAL TECHNICAL INST INC,COM,913915104,20359803,476030
UNIVEST FINANCIAL CORPORATIO,COM,915271100,22565769,515789
UNUM GROUP,COM,91529Y106,16217160,181400
UPBOUND GROUP INC,COM,76009N100,1765504,83200
UP FINTECH HLDG LTD,SPONSORED ADS,91531W106,14610200,3320500
UPLAND SOFTWARE INC,COM NEW,91544A208,114807,24584
UPSTREAM BIO INC,COM,91678A107,908596,131300
UPWORK INC,COM,91688F104,14053327,1681020
URANIUM RTY CORP,COM,91702V101,4763472,1713479
URBAN EDGE PPTYS,COM,91704F104,9929531,433983
URBAN ONE INC,COM SHS CL D NON,91705J402,78582,17046
UROGEN PHARMA LTD,COM,M96088105,2587040,70300
USANA HEALTH SCIENCES INC,COM,90328M107,20464402,958520
USA RARE EARTH INC,COM,91733P107,85264738,3951100
USA TODAY CO INC,COM,36472T109,7127442,833619
USCB FINANCIAL HOLDINGS INC,CLASS A COM,90355N101,1882320,92000
U S GLOBAL INVS INC,CL A,902952100,636527,204015
US GOLDMINING INC,COM,90291W108,262599,32300
USIO INC,COM,917313108,1084358,437241
U S PHYSICAL THERAPY,COM,90337L108,4876074,70997
UTAH MED PRODS INC,COM,917488108,12127650,175814
UTSTARCOM HOLDINGS CORP,ORDINARY SHARES,G9310A122,133185,53488
UTZ BRANDS INC,COM CL A,918090101,1244320,161600
UWM HOLDINGS CORPORATION,COM CL A,91823B109,9403793,4106460
V2X INC,COM,92242T101,9357280,125500
VAALCO ENERGY INC,COM NEW,91851C201,6002152,1181526
VALARIS LTD,CL A,G9460G101,4893240,67400
VALENS SEMICONDUCTOR LTD,ORDINARY SHARES,M9607U115,3318198,1468229
VALERO ENERGY CORP,COM,91913Y100,34114515,130988
VALE S A,SPONSORED ADS,91912E105,66960471,4452159
VALHI INC NEW,COM,918905209,1894146,129117
VALKYRIE ETF TRUST II,COINSHARES BITCN,91917A207,2998600,47544
VALMONT INDS INC,COM,920253101,45237632,78320
VALUE LINE INC,COM,920437100,429088,10600
VANDA PHARMACEUTICALS INC,COM,921659108,21061129,3441361
VANECK BITCOIN ETF,SH BEN INT,92189K105,1514832,91200
VANECK ETF TRUST,GOLD MINERS ETF,92189F106,106022265,1405199
VANECK ETF TRUST,HIGH YLD MUNIETF,92189H409,9688876,188097
VANECK ETF TRUST,JUNIOR GOLD MINE,92189F791,34905867,355276
VANECK ETF TRUST,OIL SERVICES ETF,92189H607,10716696,28806
VANECK MERK GOLD ETF,GOLD SHS,921078101,544119,14100
VANGUARD ADMIRAL FDS INC,500 GRTH IDX F,921932505,1124706,13613
VANGUARD ADMIRAL FDS INC,500 VAL IDX FD,921932703,789156,3600
VANGUARD BD INDEX FDS,INTERMED TERM,921937819,3109571,40542
VANGUARD BD INDEX FDS,SHORT TRM BOND,921937827,7094095,91055
VANGUARD BD INDEX FDS,TOTAL BND MRKT,921937835,23740794,323400
VANGUARD CHARLOTTE FDS,TOTAL INT BD ETF,92203J407,12235791,252649
VANGUARD INDEX FDS,EXTEND MKT ETF,922908652,2152368,8742
VANGUARD INDEX FDS,GROWTH ETF,922908736,229649,2666
VANGUARD INDEX FDS,LARGE CAP ETF,922908637,6075170,17665
VANGUARD INDEX FDS,MCAP GR IDXVIP,922908538,3793526,12385
VANGUARD INDEX FDS,MCAP VL IDXVIP,922908512,1343680,6800
VANGUARD INDEX FDS,MID CAP ETF,922908629,7499456,93080
VANGUARD INDEX FDS,REAL ESTATE ETF,922908553,16823853,174467
VANGUARD INDEX FDS,SML CP GRW ETF,922908595,2472132,6760
VANGUARD INDEX FDS,S&P 500 ETF SHS,922908363,25975154,37820
VANGUARD INDEX FDS,TOTAL STK MKT,922908769,34739355,93880
VANGUARD INTL EQUITY INDEX F,FTSE EMR MKT ETF,922042858,2262251,37900
VANGUARD INTL EQUITY INDEX F,TT WRLD ST ETF,922042742,11567215,73700
VANGUARD MALVERN FDS,CORE BD ETF,922020748,471119,6100
VANGUARD MUN BD FDS,TAX EXEMPT BD,922907746,89840196,1776200
VANGUARD SCOTTSDALE FDS,INTER TERM TREAS,92206C706,9731700,165000
VANGUARD SCOTTSDALE FDS,INT-TERM CORP,92206C870,41745027,505082
VANGUARD SCOTTSDALE FDS,LG-TERM COR BD,92206C813,6041973,80292
VANGUARD SCOTTSDALE FDS,SHRT TRM CORP BD,92206C409,18097870,229000
VANGUARD SCOTTSDALE FDS,VNG RUS1000GRW,92206C680,4728970,37000
VANGUARD SCOTTSDALE FDS,VNG RUS1000IDX,92206C730,2655565,7840
VANGUARD SCOTTSDALE FDS,VNG RUS1000VAL,92206C714,3699588,34800
VANGUARD SPECIALIZED FUNDS,DIV APP ETF,921908844,1739630,7352
VANGUARD WHITEHALL FDS,EM MK GOV BD ETF,921946885,1698482,25260
VANGUARD WHITEHALL FDS,HIGH DIV YLD,921946406,9323770,59000
VANGUARD WORLD FD,ESG US STK ETF,921910733,1348848,10200
VANGUARD WORLD FD,HEALTH CAR ETF,92204A504,4820041,16120
VANGUARD WORLD FD,INDUSTRIAL ETF,92204A603,1859561,5160
VANGUARD WORLD FD,INF TECH ETF,92204A702,5534852,46309
VANGUARD WORLD FD,MEGA CAP INDEX,921910873,2024862,7400
VANGUARD WORLD FD,MEGA CAP VAL ETF,921910840,1503740,9200
VAREX IMAGING CORP,COM,92214X106,2695946,258480
VARONIS SYS INC,COM,922280102,4942888,117800
VAXCYTE INC,COM,92243G108,1141324,19634
VELOCITY FINL INC,COM,92262D101,948844,51400
VENTAS INC,COM,92276F100,54857177,617761
VENTURE GLOBAL INC,COM CL A,92333F101,32989765,2964040
VERA BRADLEY INC,COM,92335C106,885037,227516
VERADERMICS INC,COMMON STOCK,922967104,10062885,81852
VERALTO CORP,COM SHS,92338C103,95650248,1078600
VERA THERAPEUTICS INC,CL A,92337R101,11994546,279528
VERISIGN INC,COM,92343E102,616264393,2449771
VERISK ANALYTICS INC,COM,92345Y106,47805248,266280
VERITONE INC,COM,92347M100,410014,299280
VERMILION ENERGY INC,COM,923725105,2237762,238822
VERRICA PHARMACEUTICALS INC,COM SHS,92511W207,133226,21769
VERSABANK NEW,COM,92512J106,3576661,154100
VERSANT MEDIA GROUP INC,COM CL A,925283103,37569233,1043300
VERSIGENT PLC,ORDINARY SHARES,G9600F104,2877685,68500
VERTEX INC,CL A,92538J106,455756,39700
VERTEX PHARMACEUTICALS INC,COM,92532F100,158957574,320008
VERTICAL AEROSPACE LTD,SHS NEW,G9471C206,978576,562400
VERTIV HOLDINGS CO,COM CL A,92537N108,10298704,30758
VERU INC,COM NEW,92536C202,514729,164450
VESTIS CORPORATION,COM SHS,29430C102,2178000,150000
V F CORP,COM,918204108,28938132,1734900
VIANT TECHNOLOGY INC,COM CL A,92557A101,5389881,425741
VIASAT INC,COM,92552V100,3352517,37329
VIA TRANSN INC,COM CL A,92556W104,888860,49000
VIAVI SOLUTIONS INC,COM,925550105,15676325,328300
VICI PPTYS INC,COM,925652109,21139243,796205
VICTORIAS SECRET AND CO,COMMON STOCK,926400102,32891120,394000
VICTORY CAP HLDGS INC DEL,COM CL A,92645B103,2992536,35600
VICTORY PORTFOLIOS II,SHS FR CA FL ETF,92647X830,997350,21800
VIEMED HEALTHCARE INC,COM,92663R105,4855260,425900
VIKING HOLDINGS LTD,ORD SHS,G93A5A101,21117487,201753
VILLAGE FARMS INTL INC,COM,92707Y108,3209532,1604766
VILLAGE SUPER MKT INC,CL A NEW,927107409,18575397,440384
VINCE HLDG CORP,COM NEW,92719W207,1549062,216652
VINCI COMPASS INVESTMENTS LT,COM CL A,G9451V109,431039,44300
VINFAST AUTO LTD,SHS,Y9390M103,406536,130300
VIOMI TECHNOLOGY CO LTD,SPONSORED ADS,92762J103,296350,378964
VIPER ENERGY INC,CL A,64361Q101,68072267,1605478
VIR BIOTECHNOLOGY INC,COM,92764N102,10361844,1016864
VIRCO MFG CO,COM,927651109,1217016,198211
VIRGIN GALACTIC HOLDINGS INC,COM NEW,92766K403,8115395,2808095
VIRGINIA NATL BK CHRLOTSVLE,COM,928031103,696766,15700
VIRIDIAN THERAPEUTICS INC,COM,92790C104,14119182,768600
VIRTRA INC,COM PAR,92827K301,135020,43000
VIRTU FINL INC,CL A,928254101,170862725,2868268
VIRTUS INVT PARTNERS INC,COM,92828Q109,4079562,28429
VISA INC,COM CL A,92826C839,42303109,123291
VISHAY PRECISION GROUP INC,COM,92835K103,59315339,395673
VISTAGEN THERAPEUTICS INC,COM,92840H400,165093,730500
VISTA GOLD CORP,COM NEW,927926303,1203080,629885
VISTANCE NETWORKS INC,COM,20337X109,80172774,6273300
VISTEON CORP,COM NEW,92839U206,14891421,150100
VISTRA CORP,COM,92840M102,121395573,765275
VITA COCO CO INC,COM,92846Q107,12302040,186000
VIVOSIM LABS INC,COM,68620A302,19795,18500
VIZSLA SILVER CORP,COM NEW,92859G608,5694810,1725700
VNET GROUP INC,SPONSORED ADS A,90138A103,6181996,768905
VODAFONE GROUP PLC,SPONSORED ADR,92857W308,43378555,3280042
VOLATILITY SHS TR,2X BITCOIN ETF,92864M301,5345760,518000
VOLATILITY SHS TR,2X ETHER ETF NEW,92864M798,6728477,589700
VONTIER CORPORATION,COM,928881101,6736700,232300
VOR BIOPHARMA INC,COM NEW,929033207,607733,33011
VORNADO RLTY TR,SH BEN INT,929042109,20475261,520999
VOX ROYALTY CORP,COM,92919F103,1215416,256959
VOYAGER THERAPEUTICS INC,COM,92915B106,1733326,495236
VTEX,SHS CL A,G9470A102,2374000,593500
VTV THERAPEUTICS INC,CL A NEW,918385204,657143,17454
VULCAN MATLS CO,COM,929160109,674098,2285
VUZIX CORP,COM NEW,92921W300,2152377,742199
VYNE THERAPEUTICS INC,COM,92941V308,15161,23300
WABASH NATL CORP,COM,929566107,2676578,198265
WAFD INC,COM,938824109,3078387,80229
WALDENCAST PLC,CLASS A ORD SHS,G9503X103,286352,162700
WALKER & DUNLOP INC,COM,93148P102,2235808,40874
WALMART INC,COM,931142103,46495871,410525
WARBY PARKER INC,CL A COM,93403J106,6351254,209336
WARNER BROS DISCOVERY INC,COM SER A,934423104,162182191,6083353
WARNER MUSIC GROUP CORP,COM CL A,934550203,32121262,1186600
WARRIOR MET COAL INC,COM,93627C101,67499230,831681
WASTE CONNECTIONS INC,COM,94106B101,20046306,120261
WASTE MGMT INC DEL,COM,94106L109,37087232,166400
WATERDROP INC,ADS,94132V105,151790,134327
WATERSTONE FINL INC MD,COM,94188P101,21799067,1051571
WATSCO INC,COM,942622200,62992907,151160
WATTS WATER TECHNOLOGIES INC,CL A,942749102,70437513,179940
WAVE LIFE SCIENCES LTD,SHS,Y95308105,9903261,1704520
WAYFAIR INC,CL A,94419L101,417223251,4514426
WD 40 CO,COM,929236107,42899157,176076
WEAVE COMMUNICATIONS INC,COM,94724R108,6310094,1053438
WEBULL CORP,ORD SHS,G9572D103,13924112,2135600
WEC ENERGY GROUP INC,COM,92939U106,32178893,275575
WEDBUSH SER TR,DAN IVE REVO ETF,947913109,1348130,35384
WEIS MKTS INC,COM,948849104,11600530,148136
WELLS FARGO & CO,COM,949746101,6244778,75567
WENDYS CO,COM,95058W100,1540133,185782
WEREWOLF THERAPEUTICS INC,COM,95075A107,242800,674632
WERIDE INC,SPONSORED ADS,950915108,114072,19600
WESBANCO INC,COM,950810101,556412,14256
WESTAMERICA BANCORPORATION,COM,957090103,4253516,72499
WEST BANCORPORATION INC,CAP STK,95123P106,4556581,171752
WESTERN COPPER & GOLD CORP,COM,95805V108,2379552,1062300
WESTERN DIGITAL CORP,COM,958102105,343294755,537473
WESTERN NEW ENG BANCORP INC,COM,958892101,13550137,947562
WEST FRASER TIMBER CO LTD,COM,952845105,439985,6500
WEST PHARMACEUTICAL SVSC INC,COM,955306105,11093100,30900
WESTROCK COFFEE CO,COM,96145W103,678807,83700
WESTWATER RES INC,COM NEW,961684206,812439,1608790
WESTWOOD HLDGS GROUP INC,COM,961765104,6295171,328558
WETOUCH TECHNOLOGY INC,COM NEW,961881208,195485,161558
WEYCO GROUP INC,COM,962149100,767958,19526
WEYERHAEUSER CO,COM NEW,962166104,57091657,2384781
WHEATON PRECIOUS METALS CORP,COM,962879102,19643645,174890
WHITEFIBER INC,SHS,G96115103,1472415,37900
WHITEHAWK THERAPEUTICS INC,COM,00032Q104,1895305,413822
WHITESTONE REIT,COM,966084204,1139496,60100
WIDEPOINT CORP,COMMON,967590209,2105618,120321
WILLAMETTE VALLEY VINEYARDS,COM,969136100,159014,63352
WILLIAMS COS INC,COM,969457100,1894555,25485
WILLIAMS SONOMA INC,COM,969904101,97878690,419900
WILLIS LEASE FIN CORP,COM,970646105,45233074,197697
WILLIS TOWERS WATSON PLC LTD,SHS,G96629103,37804557,144640
WIMI HOLOGRAM CLOUD INC,ORD SHS CL B NEW,G9687V204,109008,72191
WINCHESTER BANCORP INC,COM,97269D103,412596,31400
WING YIP FOOD HOLDINGS GROUP,SPONSORED ADS,973921208,43020,10596
WINMARK CORP,COM,974250102,86482629,204412
WIPRO LTD,SPON ADR 1 SH,97651M109,3401775,1511900
WISDOMTREE TR,JAPN HEDGE EQT,97717W851,1085541,6256
WISEKEY INTERNATIONAL HLDS L,SPON ADR,97727L408,182451,24925
WIX COM LTD,SHS,M98068105,16122184,355349
WOLFSPEED INC,COMMON STOCK,97785W106,24071925,498900
WOLVERINE WORLD WIDE INC,COM,978097103,10213887,617900
WORKDAY INC,CL A,98138H101,25255246,206300
WORKIVA INC,COM CL A,98139A105,6283985,129540
WORLD ACCEP CORPORATION,COM,981419104,9803754,43800
WORLD GOLD TR,SPDR GLD MINIS,98149E303,20974822,264100
WORLD KINECT CORPORATION,COM,981475106,1742065,52886
WORTHINGTON ENTERPRISES INC,COM,981811102,3967488,73800
WORTHINGTON STL INC,COM SHS,982104101,6418414,191138
WP CAREY INC,COM,92936U109,20892300,292200
WRAP TECHNOLOGIES INC,COM,98212N107,461949,358100
W & T OFFSHORE INC,COM,92922P106,2900520,920800
WW GRAINGER INC,COM,384802104,32581580,23950
WYNN RESORTS LTD,COM,983134107,107746210,1109756
X4 PHARMACEUTICALS INC,COM NEW,98420X202,84527,18100
XBIOTECH INC,COM,98400H102,95825,41663
XCEL ENERGY INC,COM,98389B100,16306842,203074
XENETIC BIOSCIENCES INC,COM,984015602,341750,117440
XENON PHARMACEUTICALS INC,COM,98420N105,11293960,187110
XERIS BIOPHARMA HOLDINGS INC,COM,98422E103,533308,67337
XEROX HOLDINGS CORP,COM NEW,98421M106,2560115,817928
XILIO THERAPEUTICS INC,COM,98422T209,614586,64153
XMAX INC,COM,66979P300,2939115,323335
XOMETRY INC,CLASS A COM,98423F109,13657580,141500
XOS INC,COM,98423B306,32012,10600
XPEL INC,COM,98379L100,2356000,47500
XPERI INC,COMMON STOCK,98423J101,4197160,509983
XP INC,CL A,G98239109,1029296,63398
XPLR INFRASTRUCTURE LP,COM UNIT PART IN,65341B106,5212686,441379
XPO INC,COM,983793100,47036045,229120
XPONENTIAL FITNESS INC,COM CL A,98422X101,243584,35200
XTANT MED HLDGS INC,COM NEW,98420P308,393685,935119
XUNLEI LTD,SPONSORED ADS,98419E108,296966,53077
XYLEM INC,COM,98419M100,93441577,790471
YALLA GROUP LTD,ADS,98459U103,1836405,334500
YATRA ONLINE INC,ORD SHS,G98338109,507516,538536
YATSEN HLDG LTD,SPONSORED ADS,985194208,1715119,541047
YELP INC,CL A,985817105,20700618,844234
YETI HLDGS INC,COM,98585X104,2582076,52100
YEXT INC,COM,98585N106,84060,18000
YIREN DIGITAL LTD,SPONSORED ADS,98585L100,225131,269392
YORK WTR CO,COM,987184108,5156433,168236
YOUDAO INC,SPONSORED ADS,98741T104,720780,58600
YUM BRANDS INC,COM,988498101,46615176,291600
YUM CHINA HLDGS INC,COM,98850P109,28400563,694900
ZEBRA TECHNOLOGIES CORPORATI,CL A,989207105,66318090,251911
ZEDGE INC,CL B,98923T104,1649888,532222
ZENTALIS PHARMACEUTICALS INC,COM,98943L107,7804028,1609078
ZEVIA PBC,CL A,98955K104,1248402,765891
ZILLOW GROUP INC,CL A,98954M101,3017794,96200
ZIONS BANCORPORATION NATL AS,COM,989701107,18840091,272295
ZIPRECRUITER INC,CL A,98980B103,7170000,1912000
ZKH GROUP LTD,SPONSORED ADS,98877R104,301484,133400
ZOETIS INC,CL A,98978V103,100841138,1403300
ZOOM COMMUNICATIONS INC,CL A,98980L101,205478562,2380704
ZSCALER INC,COM,98980G102,550485,3900
ZTO EXPRESS CAYMAN INC,SPONSORED ADS A,98980A105,9099708,406600
ZURA BIO LTD,CLASS A ORD SHS,G9TY5A101,1898042,321702
ZURN ELKAY WATER SOLNS CORP,COM,98983L108,14385537,284693
